domain,entity_id,serial_id
Carrier,0,0
Carrier,1,1
Carrier,2,2
Carrier,3,3
Carrier,4,4
Carrier,5,5
Carrier,6,6
Carrier,7,7
Carrier,8,8
Carrier,9,9
Carrier,10,10
Carrier,11,11
Carrier,12,12
Carrier,13,13
Carrier,14,14
Carrier,15,15
Carrier,16,16
Carrier,17,17
Carrier,18,18
Carrier,19,19
Carrier,20,20
Carrier,21,21
Carrier,22,22
Carrier,23,23
Carrier,24,24
Carrier,25,25
ConsigneePanjivaID,0,26
ConsigneePanjivaID,1,27
ConsigneePanjivaID,2,28
ConsigneePanjivaID,3,29
ConsigneePanjivaID,4,30
ConsigneePanjivaID,5,31
ConsigneePanjivaID,6,32
ConsigneePanjivaID,7,33
ConsigneePanjivaID,8,34
ConsigneePanjivaID,9,35
ConsigneePanjivaID,10,36
ConsigneePanjivaID,11,37
ConsigneePanjivaID,12,38
ConsigneePanjivaID,13,39
ConsigneePanjivaID,14,40
ConsigneePanjivaID,15,41
ConsigneePanjivaID,16,42
ConsigneePanjivaID,17,43
ConsigneePanjivaID,18,44
ConsigneePanjivaID,19,45
ConsigneePanjivaID,20,46
ConsigneePanjivaID,21,47
ConsigneePanjivaID,22,48
ConsigneePanjivaID,23,49
ConsigneePanjivaID,24,50
ConsigneePanjivaID,25,51
ConsigneePanjivaID,26,52
ConsigneePanjivaID,27,53
ConsigneePanjivaID,28,54
ConsigneePanjivaID,29,55
ConsigneePanjivaID,30,56
ConsigneePanjivaID,31,57
ConsigneePanjivaID,32,58
ConsigneePanjivaID,33,59
ConsigneePanjivaID,34,60
ConsigneePanjivaID,35,61
ConsigneePanjivaID,36,62
ConsigneePanjivaID,37,63
ConsigneePanjivaID,38,64
ConsigneePanjivaID,39,65
ConsigneePanjivaID,40,66
ConsigneePanjivaID,41,67
ConsigneePanjivaID,42,68
ConsigneePanjivaID,43,69
ConsigneePanjivaID,44,70
ConsigneePanjivaID,45,71
ConsigneePanjivaID,46,72
ConsigneePanjivaID,47,73
ConsigneePanjivaID,48,74
ConsigneePanjivaID,49,75
ConsigneePanjivaID,50,76
ConsigneePanjivaID,51,77
ConsigneePanjivaID,52,78
ConsigneePanjivaID,53,79
ConsigneePanjivaID,54,80
ConsigneePanjivaID,55,81
ConsigneePanjivaID,56,82
ConsigneePanjivaID,57,83
ConsigneePanjivaID,58,84
ConsigneePanjivaID,59,85
ConsigneePanjivaID,60,86
ConsigneePanjivaID,61,87
ConsigneePanjivaID,62,88
ConsigneePanjivaID,63,89
ConsigneePanjivaID,64,90
ConsigneePanjivaID,65,91
ConsigneePanjivaID,66,92
ConsigneePanjivaID,67,93
ConsigneePanjivaID,68,94
ConsigneePanjivaID,69,95
ConsigneePanjivaID,70,96
ConsigneePanjivaID,71,97
ConsigneePanjivaID,72,98
ConsigneePanjivaID,73,99
ConsigneePanjivaID,74,100
ConsigneePanjivaID,75,101
ConsigneePanjivaID,76,102
ConsigneePanjivaID,77,103
ConsigneePanjivaID,78,104
ConsigneePanjivaID,79,105
ConsigneePanjivaID,80,106
ConsigneePanjivaID,81,107
ConsigneePanjivaID,82,108
ConsigneePanjivaID,83,109
ConsigneePanjivaID,84,110
ConsigneePanjivaID,85,111
ConsigneePanjivaID,86,112
ConsigneePanjivaID,87,113
ConsigneePanjivaID,88,114
ConsigneePanjivaID,89,115
ConsigneePanjivaID,90,116
ConsigneePanjivaID,91,117
ConsigneePanjivaID,92,118
ConsigneePanjivaID,93,119
ConsigneePanjivaID,94,120
ConsigneePanjivaID,95,121
ConsigneePanjivaID,96,122
ConsigneePanjivaID,97,123
ConsigneePanjivaID,98,124
ConsigneePanjivaID,99,125
ConsigneePanjivaID,100,126
ConsigneePanjivaID,101,127
ConsigneePanjivaID,102,128
ConsigneePanjivaID,103,129
ConsigneePanjivaID,104,130
ConsigneePanjivaID,105,131
ConsigneePanjivaID,106,132
ConsigneePanjivaID,107,133
ConsigneePanjivaID,108,134
ConsigneePanjivaID,109,135
ConsigneePanjivaID,110,136
ConsigneePanjivaID,111,137
ConsigneePanjivaID,112,138
ConsigneePanjivaID,113,139
ConsigneePanjivaID,114,140
ConsigneePanjivaID,115,141
ConsigneePanjivaID,116,142
ConsigneePanjivaID,117,143
ConsigneePanjivaID,118,144
ConsigneePanjivaID,119,145
ConsigneePanjivaID,120,146
ConsigneePanjivaID,121,147
ConsigneePanjivaID,122,148
ConsigneePanjivaID,123,149
ConsigneePanjivaID,124,150
ConsigneePanjivaID,125,151
ConsigneePanjivaID,126,152
ConsigneePanjivaID,127,153
ConsigneePanjivaID,128,154
ConsigneePanjivaID,129,155
ConsigneePanjivaID,130,156
ConsigneePanjivaID,131,157
ConsigneePanjivaID,132,158
ConsigneePanjivaID,133,159
ConsigneePanjivaID,134,160
ConsigneePanjivaID,135,161
ConsigneePanjivaID,136,162
ConsigneePanjivaID,137,163
ConsigneePanjivaID,138,164
ConsigneePanjivaID,139,165
ConsigneePanjivaID,140,166
ConsigneePanjivaID,141,167
ConsigneePanjivaID,142,168
ConsigneePanjivaID,143,169
ConsigneePanjivaID,144,170
ConsigneePanjivaID,145,171
ConsigneePanjivaID,146,172
ConsigneePanjivaID,147,173
ConsigneePanjivaID,148,174
ConsigneePanjivaID,149,175
ConsigneePanjivaID,150,176
ConsigneePanjivaID,151,177
ConsigneePanjivaID,152,178
ConsigneePanjivaID,153,179
ConsigneePanjivaID,154,180
ConsigneePanjivaID,155,181
ConsigneePanjivaID,156,182
ConsigneePanjivaID,157,183
ConsigneePanjivaID,158,184
ConsigneePanjivaID,159,185
ConsigneePanjivaID,160,186
ConsigneePanjivaID,161,187
ConsigneePanjivaID,162,188
ConsigneePanjivaID,163,189
ConsigneePanjivaID,164,190
ConsigneePanjivaID,165,191
ConsigneePanjivaID,166,192
ConsigneePanjivaID,167,193
ConsigneePanjivaID,168,194
ConsigneePanjivaID,169,195
ConsigneePanjivaID,170,196
ConsigneePanjivaID,171,197
ConsigneePanjivaID,172,198
ConsigneePanjivaID,173,199
ConsigneePanjivaID,174,200
ConsigneePanjivaID,175,201
ConsigneePanjivaID,176,202
ConsigneePanjivaID,177,203
ConsigneePanjivaID,178,204
ConsigneePanjivaID,179,205
ConsigneePanjivaID,180,206
ConsigneePanjivaID,181,207
ConsigneePanjivaID,182,208
ConsigneePanjivaID,183,209
ConsigneePanjivaID,184,210
ConsigneePanjivaID,185,211
ConsigneePanjivaID,186,212
ConsigneePanjivaID,187,213
ConsigneePanjivaID,188,214
ConsigneePanjivaID,189,215
ConsigneePanjivaID,190,216
ConsigneePanjivaID,191,217
ConsigneePanjivaID,192,218
ConsigneePanjivaID,193,219
ConsigneePanjivaID,194,220
ConsigneePanjivaID,195,221
ConsigneePanjivaID,196,222
ConsigneePanjivaID,197,223
ConsigneePanjivaID,198,224
ConsigneePanjivaID,199,225
ConsigneePanjivaID,200,226
ConsigneePanjivaID,201,227
ConsigneePanjivaID,202,228
ConsigneePanjivaID,203,229
ConsigneePanjivaID,204,230
ConsigneePanjivaID,205,231
ConsigneePanjivaID,206,232
ConsigneePanjivaID,207,233
ConsigneePanjivaID,208,234
ConsigneePanjivaID,209,235
ConsigneePanjivaID,210,236
ConsigneePanjivaID,211,237
ConsigneePanjivaID,212,238
ConsigneePanjivaID,213,239
ConsigneePanjivaID,214,240
ConsigneePanjivaID,215,241
ConsigneePanjivaID,216,242
ConsigneePanjivaID,217,243
ConsigneePanjivaID,218,244
ConsigneePanjivaID,219,245
ConsigneePanjivaID,220,246
ConsigneePanjivaID,221,247
ConsigneePanjivaID,222,248
ConsigneePanjivaID,223,249
ConsigneePanjivaID,224,250
ConsigneePanjivaID,225,251
ConsigneePanjivaID,226,252
ConsigneePanjivaID,227,253
ConsigneePanjivaID,228,254
ConsigneePanjivaID,229,255
ConsigneePanjivaID,230,256
ConsigneePanjivaID,231,257
ConsigneePanjivaID,232,258
ConsigneePanjivaID,233,259
ConsigneePanjivaID,234,260
ConsigneePanjivaID,235,261
ConsigneePanjivaID,236,262
ConsigneePanjivaID,237,263
ConsigneePanjivaID,238,264
ConsigneePanjivaID,239,265
ConsigneePanjivaID,240,266
ConsigneePanjivaID,241,267
ConsigneePanjivaID,242,268
ConsigneePanjivaID,243,269
ConsigneePanjivaID,244,270
ConsigneePanjivaID,245,271
ConsigneePanjivaID,246,272
ConsigneePanjivaID,247,273
ConsigneePanjivaID,248,274
ConsigneePanjivaID,249,275
ConsigneePanjivaID,250,276
ConsigneePanjivaID,251,277
ConsigneePanjivaID,252,278
ConsigneePanjivaID,253,279
ConsigneePanjivaID,254,280
ConsigneePanjivaID,255,281
ConsigneePanjivaID,256,282
ConsigneePanjivaID,257,283
ConsigneePanjivaID,258,284
ConsigneePanjivaID,259,285
ConsigneePanjivaID,260,286
ConsigneePanjivaID,261,287
ConsigneePanjivaID,262,288
ConsigneePanjivaID,263,289
ConsigneePanjivaID,264,290
ConsigneePanjivaID,265,291
ConsigneePanjivaID,266,292
ConsigneePanjivaID,267,293
ConsigneePanjivaID,268,294
ConsigneePanjivaID,269,295
ConsigneePanjivaID,270,296
ConsigneePanjivaID,271,297
ConsigneePanjivaID,272,298
ConsigneePanjivaID,273,299
ConsigneePanjivaID,274,300
ConsigneePanjivaID,275,301
ConsigneePanjivaID,276,302
ConsigneePanjivaID,277,303
ConsigneePanjivaID,278,304
ConsigneePanjivaID,279,305
ConsigneePanjivaID,280,306
ConsigneePanjivaID,281,307
ConsigneePanjivaID,282,308
ConsigneePanjivaID,283,309
ConsigneePanjivaID,284,310
ConsigneePanjivaID,285,311
ConsigneePanjivaID,286,312
ConsigneePanjivaID,287,313
ConsigneePanjivaID,288,314
ConsigneePanjivaID,289,315
ConsigneePanjivaID,290,316
ConsigneePanjivaID,291,317
ConsigneePanjivaID,292,318
ConsigneePanjivaID,293,319
ConsigneePanjivaID,294,320
ConsigneePanjivaID,295,321
ConsigneePanjivaID,296,322
ConsigneePanjivaID,297,323
ConsigneePanjivaID,298,324
ConsigneePanjivaID,299,325
ConsigneePanjivaID,300,326
ConsigneePanjivaID,301,327
ConsigneePanjivaID,302,328
ConsigneePanjivaID,303,329
ConsigneePanjivaID,304,330
ConsigneePanjivaID,305,331
ConsigneePanjivaID,306,332
ConsigneePanjivaID,307,333
ConsigneePanjivaID,308,334
ConsigneePanjivaID,309,335
ConsigneePanjivaID,310,336
ConsigneePanjivaID,311,337
ConsigneePanjivaID,312,338
ConsigneePanjivaID,313,339
ConsigneePanjivaID,314,340
ConsigneePanjivaID,315,341
ConsigneePanjivaID,316,342
ConsigneePanjivaID,317,343
ConsigneePanjivaID,318,344
ConsigneePanjivaID,319,345
ConsigneePanjivaID,320,346
ConsigneePanjivaID,321,347
ConsigneePanjivaID,322,348
ConsigneePanjivaID,323,349
ConsigneePanjivaID,324,350
ConsigneePanjivaID,325,351
ConsigneePanjivaID,326,352
ConsigneePanjivaID,327,353
ConsigneePanjivaID,328,354
ConsigneePanjivaID,329,355
ConsigneePanjivaID,330,356
ConsigneePanjivaID,331,357
ConsigneePanjivaID,332,358
ConsigneePanjivaID,333,359
ConsigneePanjivaID,334,360
ConsigneePanjivaID,335,361
ConsigneePanjivaID,336,362
ConsigneePanjivaID,337,363
ConsigneePanjivaID,338,364
ConsigneePanjivaID,339,365
ConsigneePanjivaID,340,366
ConsigneePanjivaID,341,367
ConsigneePanjivaID,342,368
ConsigneePanjivaID,343,369
ConsigneePanjivaID,344,370
ConsigneePanjivaID,345,371
ConsigneePanjivaID,346,372
ConsigneePanjivaID,347,373
ConsigneePanjivaID,348,374
ConsigneePanjivaID,349,375
ConsigneePanjivaID,350,376
ConsigneePanjivaID,351,377
ConsigneePanjivaID,352,378
ConsigneePanjivaID,353,379
ConsigneePanjivaID,354,380
ConsigneePanjivaID,355,381
ConsigneePanjivaID,356,382
ConsigneePanjivaID,357,383
ConsigneePanjivaID,358,384
ConsigneePanjivaID,359,385
ConsigneePanjivaID,360,386
ConsigneePanjivaID,361,387
ConsigneePanjivaID,362,388
ConsigneePanjivaID,363,389
ConsigneePanjivaID,364,390
ConsigneePanjivaID,365,391
ConsigneePanjivaID,366,392
ConsigneePanjivaID,367,393
ConsigneePanjivaID,368,394
ConsigneePanjivaID,369,395
ConsigneePanjivaID,370,396
ConsigneePanjivaID,371,397
ConsigneePanjivaID,372,398
ConsigneePanjivaID,373,399
ConsigneePanjivaID,374,400
ConsigneePanjivaID,375,401
ConsigneePanjivaID,376,402
ConsigneePanjivaID,377,403
ConsigneePanjivaID,378,404
ConsigneePanjivaID,379,405
ConsigneePanjivaID,380,406
ConsigneePanjivaID,381,407
ConsigneePanjivaID,382,408
ConsigneePanjivaID,383,409
ConsigneePanjivaID,384,410
ConsigneePanjivaID,385,411
ConsigneePanjivaID,386,412
ConsigneePanjivaID,387,413
ConsigneePanjivaID,388,414
ConsigneePanjivaID,389,415
ConsigneePanjivaID,390,416
ConsigneePanjivaID,391,417
ConsigneePanjivaID,392,418
ConsigneePanjivaID,393,419
ConsigneePanjivaID,394,420
ConsigneePanjivaID,395,421
ConsigneePanjivaID,396,422
ConsigneePanjivaID,397,423
ConsigneePanjivaID,398,424
ConsigneePanjivaID,399,425
ConsigneePanjivaID,400,426
ConsigneePanjivaID,401,427
ConsigneePanjivaID,402,428
ConsigneePanjivaID,403,429
ConsigneePanjivaID,404,430
ConsigneePanjivaID,405,431
ConsigneePanjivaID,406,432
ConsigneePanjivaID,407,433
ConsigneePanjivaID,408,434
ConsigneePanjivaID,409,435
ConsigneePanjivaID,410,436
ConsigneePanjivaID,411,437
ConsigneePanjivaID,412,438
ConsigneePanjivaID,413,439
ConsigneePanjivaID,414,440
ConsigneePanjivaID,415,441
ConsigneePanjivaID,416,442
ConsigneePanjivaID,417,443
ConsigneePanjivaID,418,444
ConsigneePanjivaID,419,445
ConsigneePanjivaID,420,446
ConsigneePanjivaID,421,447
ConsigneePanjivaID,422,448
ConsigneePanjivaID,423,449
ConsigneePanjivaID,424,450
ConsigneePanjivaID,425,451
ConsigneePanjivaID,426,452
ConsigneePanjivaID,427,453
ConsigneePanjivaID,428,454
ConsigneePanjivaID,429,455
ConsigneePanjivaID,430,456
ConsigneePanjivaID,431,457
ConsigneePanjivaID,432,458
ConsigneePanjivaID,433,459
ConsigneePanjivaID,434,460
ConsigneePanjivaID,435,461
ConsigneePanjivaID,436,462
ConsigneePanjivaID,437,463
ConsigneePanjivaID,438,464
ConsigneePanjivaID,439,465
ConsigneePanjivaID,440,466
ConsigneePanjivaID,441,467
ConsigneePanjivaID,442,468
ConsigneePanjivaID,443,469
ConsigneePanjivaID,444,470
ConsigneePanjivaID,445,471
ConsigneePanjivaID,446,472
ConsigneePanjivaID,447,473
ConsigneePanjivaID,448,474
ConsigneePanjivaID,449,475
ConsigneePanjivaID,450,476
ConsigneePanjivaID,451,477
ConsigneePanjivaID,452,478
ConsigneePanjivaID,453,479
ConsigneePanjivaID,454,480
ConsigneePanjivaID,455,481
ConsigneePanjivaID,456,482
ConsigneePanjivaID,457,483
ConsigneePanjivaID,458,484
ConsigneePanjivaID,459,485
ConsigneePanjivaID,460,486
ConsigneePanjivaID,461,487
ConsigneePanjivaID,462,488
ConsigneePanjivaID,463,489
ConsigneePanjivaID,464,490
ConsigneePanjivaID,465,491
ConsigneePanjivaID,466,492
ConsigneePanjivaID,467,493
ConsigneePanjivaID,468,494
ConsigneePanjivaID,469,495
ConsigneePanjivaID,470,496
ConsigneePanjivaID,471,497
ConsigneePanjivaID,472,498
ConsigneePanjivaID,473,499
ConsigneePanjivaID,474,500
ConsigneePanjivaID,475,501
ConsigneePanjivaID,476,502
ConsigneePanjivaID,477,503
ConsigneePanjivaID,478,504
ConsigneePanjivaID,479,505
ConsigneePanjivaID,480,506
ConsigneePanjivaID,481,507
ConsigneePanjivaID,482,508
ConsigneePanjivaID,483,509
ConsigneePanjivaID,484,510
ConsigneePanjivaID,485,511
ConsigneePanjivaID,486,512
ConsigneePanjivaID,487,513
ConsigneePanjivaID,488,514
ConsigneePanjivaID,489,515
ConsigneePanjivaID,490,516
ConsigneePanjivaID,491,517
ConsigneePanjivaID,492,518
ConsigneePanjivaID,493,519
ConsigneePanjivaID,494,520
ConsigneePanjivaID,495,521
ConsigneePanjivaID,496,522
ConsigneePanjivaID,497,523
ConsigneePanjivaID,498,524
ConsigneePanjivaID,499,525
ConsigneePanjivaID,500,526
ConsigneePanjivaID,501,527
ConsigneePanjivaID,502,528
ConsigneePanjivaID,503,529
ConsigneePanjivaID,504,530
ConsigneePanjivaID,505,531
ConsigneePanjivaID,506,532
ConsigneePanjivaID,507,533
ConsigneePanjivaID,508,534
ConsigneePanjivaID,509,535
ConsigneePanjivaID,510,536
ConsigneePanjivaID,511,537
ConsigneePanjivaID,512,538
ConsigneePanjivaID,513,539
ConsigneePanjivaID,514,540
ConsigneePanjivaID,515,541
ConsigneePanjivaID,516,542
ConsigneePanjivaID,517,543
ConsigneePanjivaID,518,544
ConsigneePanjivaID,519,545
ConsigneePanjivaID,520,546
ConsigneePanjivaID,521,547
ConsigneePanjivaID,522,548
ConsigneePanjivaID,523,549
ConsigneePanjivaID,524,550
ConsigneePanjivaID,525,551
ConsigneePanjivaID,526,552
ConsigneePanjivaID,527,553
ConsigneePanjivaID,528,554
ConsigneePanjivaID,529,555
ConsigneePanjivaID,530,556
ConsigneePanjivaID,531,557
ConsigneePanjivaID,532,558
ConsigneePanjivaID,533,559
ConsigneePanjivaID,534,560
ConsigneePanjivaID,535,561
ConsigneePanjivaID,536,562
ConsigneePanjivaID,537,563
ConsigneePanjivaID,538,564
ConsigneePanjivaID,539,565
ConsigneePanjivaID,540,566
ConsigneePanjivaID,541,567
ConsigneePanjivaID,542,568
ConsigneePanjivaID,543,569
ConsigneePanjivaID,544,570
ConsigneePanjivaID,545,571
ConsigneePanjivaID,546,572
ConsigneePanjivaID,547,573
ConsigneePanjivaID,548,574
ConsigneePanjivaID,549,575
ConsigneePanjivaID,550,576
ConsigneePanjivaID,551,577
ConsigneePanjivaID,552,578
ConsigneePanjivaID,553,579
ConsigneePanjivaID,554,580
ConsigneePanjivaID,555,581
ConsigneePanjivaID,556,582
ConsigneePanjivaID,557,583
ConsigneePanjivaID,558,584
ConsigneePanjivaID,559,585
ConsigneePanjivaID,560,586
ConsigneePanjivaID,561,587
ConsigneePanjivaID,562,588
ConsigneePanjivaID,563,589
ConsigneePanjivaID,564,590
ConsigneePanjivaID,565,591
ConsigneePanjivaID,566,592
ConsigneePanjivaID,567,593
ConsigneePanjivaID,568,594
ConsigneePanjivaID,569,595
ConsigneePanjivaID,570,596
ConsigneePanjivaID,571,597
ConsigneePanjivaID,572,598
ConsigneePanjivaID,573,599
ConsigneePanjivaID,574,600
ConsigneePanjivaID,575,601
ConsigneePanjivaID,576,602
ConsigneePanjivaID,577,603
ConsigneePanjivaID,578,604
ConsigneePanjivaID,579,605
ConsigneePanjivaID,580,606
ConsigneePanjivaID,581,607
ConsigneePanjivaID,582,608
ConsigneePanjivaID,583,609
ConsigneePanjivaID,584,610
ConsigneePanjivaID,585,611
ConsigneePanjivaID,586,612
ConsigneePanjivaID,587,613
ConsigneePanjivaID,588,614
ConsigneePanjivaID,589,615
ConsigneePanjivaID,590,616
ConsigneePanjivaID,591,617
ConsigneePanjivaID,592,618
ConsigneePanjivaID,593,619
ConsigneePanjivaID,594,620
ConsigneePanjivaID,595,621
ConsigneePanjivaID,596,622
ConsigneePanjivaID,597,623
ConsigneePanjivaID,598,624
ConsigneePanjivaID,599,625
ConsigneePanjivaID,600,626
ConsigneePanjivaID,601,627
ConsigneePanjivaID,602,628
ConsigneePanjivaID,603,629
ConsigneePanjivaID,604,630
ConsigneePanjivaID,605,631
ConsigneePanjivaID,606,632
ConsigneePanjivaID,607,633
ConsigneePanjivaID,608,634
ConsigneePanjivaID,609,635
ConsigneePanjivaID,610,636
ConsigneePanjivaID,611,637
ConsigneePanjivaID,612,638
ConsigneePanjivaID,613,639
ConsigneePanjivaID,614,640
ConsigneePanjivaID,615,641
ConsigneePanjivaID,616,642
ConsigneePanjivaID,617,643
ConsigneePanjivaID,618,644
ConsigneePanjivaID,619,645
ConsigneePanjivaID,620,646
ConsigneePanjivaID,621,647
ConsigneePanjivaID,622,648
ConsigneePanjivaID,623,649
ConsigneePanjivaID,624,650
ConsigneePanjivaID,625,651
ConsigneePanjivaID,626,652
ConsigneePanjivaID,627,653
ConsigneePanjivaID,628,654
ConsigneePanjivaID,629,655
ConsigneePanjivaID,630,656
ConsigneePanjivaID,631,657
ConsigneePanjivaID,632,658
ConsigneePanjivaID,633,659
ConsigneePanjivaID,634,660
ConsigneePanjivaID,635,661
ConsigneePanjivaID,636,662
ConsigneePanjivaID,637,663
ConsigneePanjivaID,638,664
ConsigneePanjivaID,639,665
ConsigneePanjivaID,640,666
ConsigneePanjivaID,641,667
ConsigneePanjivaID,642,668
ConsigneePanjivaID,643,669
ConsigneePanjivaID,644,670
ConsigneePanjivaID,645,671
ConsigneePanjivaID,646,672
ConsigneePanjivaID,647,673
ConsigneePanjivaID,648,674
ConsigneePanjivaID,649,675
ConsigneePanjivaID,650,676
ConsigneePanjivaID,651,677
ConsigneePanjivaID,652,678
ConsigneePanjivaID,653,679
ConsigneePanjivaID,654,680
ConsigneePanjivaID,655,681
ConsigneePanjivaID,656,682
ConsigneePanjivaID,657,683
ConsigneePanjivaID,658,684
ConsigneePanjivaID,659,685
ConsigneePanjivaID,660,686
ConsigneePanjivaID,661,687
ConsigneePanjivaID,662,688
ConsigneePanjivaID,663,689
ConsigneePanjivaID,664,690
ConsigneePanjivaID,665,691
ConsigneePanjivaID,666,692
ConsigneePanjivaID,667,693
ConsigneePanjivaID,668,694
ConsigneePanjivaID,669,695
ConsigneePanjivaID,670,696
ConsigneePanjivaID,671,697
ConsigneePanjivaID,672,698
ConsigneePanjivaID,673,699
ConsigneePanjivaID,674,700
ConsigneePanjivaID,675,701
ConsigneePanjivaID,676,702
ConsigneePanjivaID,677,703
ConsigneePanjivaID,678,704
ConsigneePanjivaID,679,705
ConsigneePanjivaID,680,706
ConsigneePanjivaID,681,707
ConsigneePanjivaID,682,708
ConsigneePanjivaID,683,709
ConsigneePanjivaID,684,710
ConsigneePanjivaID,685,711
ConsigneePanjivaID,686,712
ConsigneePanjivaID,687,713
ConsigneePanjivaID,688,714
ConsigneePanjivaID,689,715
ConsigneePanjivaID,690,716
ConsigneePanjivaID,691,717
ConsigneePanjivaID,692,718
ConsigneePanjivaID,693,719
ConsigneePanjivaID,694,720
ConsigneePanjivaID,695,721
ConsigneePanjivaID,696,722
ConsigneePanjivaID,697,723
ConsigneePanjivaID,698,724
ConsigneePanjivaID,699,725
ConsigneePanjivaID,700,726
ConsigneePanjivaID,701,727
ConsigneePanjivaID,702,728
ConsigneePanjivaID,703,729
ConsigneePanjivaID,704,730
ConsigneePanjivaID,705,731
ConsigneePanjivaID,706,732
ConsigneePanjivaID,707,733
ConsigneePanjivaID,708,734
ConsigneePanjivaID,709,735
ConsigneePanjivaID,710,736
ConsigneePanjivaID,711,737
ConsigneePanjivaID,712,738
ConsigneePanjivaID,713,739
ConsigneePanjivaID,714,740
ConsigneePanjivaID,715,741
ConsigneePanjivaID,716,742
ConsigneePanjivaID,717,743
ConsigneePanjivaID,718,744
ConsigneePanjivaID,719,745
ConsigneePanjivaID,720,746
ConsigneePanjivaID,721,747
ConsigneePanjivaID,722,748
ConsigneePanjivaID,723,749
ConsigneePanjivaID,724,750
ConsigneePanjivaID,725,751
ConsigneePanjivaID,726,752
ConsigneePanjivaID,727,753
ConsigneePanjivaID,728,754
ConsigneePanjivaID,729,755
ConsigneePanjivaID,730,756
ConsigneePanjivaID,731,757
ConsigneePanjivaID,732,758
ConsigneePanjivaID,733,759
ConsigneePanjivaID,734,760
ConsigneePanjivaID,735,761
ConsigneePanjivaID,736,762
ConsigneePanjivaID,737,763
ConsigneePanjivaID,738,764
ConsigneePanjivaID,739,765
ConsigneePanjivaID,740,766
ConsigneePanjivaID,741,767
ConsigneePanjivaID,742,768
ConsigneePanjivaID,743,769
ConsigneePanjivaID,744,770
ConsigneePanjivaID,745,771
ConsigneePanjivaID,746,772
ConsigneePanjivaID,747,773
ConsigneePanjivaID,748,774
ConsigneePanjivaID,749,775
ConsigneePanjivaID,750,776
ConsigneePanjivaID,751,777
ConsigneePanjivaID,752,778
ConsigneePanjivaID,753,779
ConsigneePanjivaID,754,780
ConsigneePanjivaID,755,781
ConsigneePanjivaID,756,782
ConsigneePanjivaID,757,783
ConsigneePanjivaID,758,784
ConsigneePanjivaID,759,785
ConsigneePanjivaID,760,786
ConsigneePanjivaID,761,787
ConsigneePanjivaID,762,788
ConsigneePanjivaID,763,789
ConsigneePanjivaID,764,790
ConsigneePanjivaID,765,791
ConsigneePanjivaID,766,792
ConsigneePanjivaID,767,793
ConsigneePanjivaID,768,794
ConsigneePanjivaID,769,795
ConsigneePanjivaID,770,796
ConsigneePanjivaID,771,797
ConsigneePanjivaID,772,798
ConsigneePanjivaID,773,799
ConsigneePanjivaID,774,800
ConsigneePanjivaID,775,801
ConsigneePanjivaID,776,802
ConsigneePanjivaID,777,803
ConsigneePanjivaID,778,804
ConsigneePanjivaID,779,805
ConsigneePanjivaID,780,806
ConsigneePanjivaID,781,807
ConsigneePanjivaID,782,808
ConsigneePanjivaID,783,809
ConsigneePanjivaID,784,810
ConsigneePanjivaID,785,811
ConsigneePanjivaID,786,812
ConsigneePanjivaID,787,813
ConsigneePanjivaID,788,814
ConsigneePanjivaID,789,815
ConsigneePanjivaID,790,816
ConsigneePanjivaID,791,817
ConsigneePanjivaID,792,818
ConsigneePanjivaID,793,819
ConsigneePanjivaID,794,820
ConsigneePanjivaID,795,821
ConsigneePanjivaID,796,822
ConsigneePanjivaID,797,823
ConsigneePanjivaID,798,824
ConsigneePanjivaID,799,825
ConsigneePanjivaID,800,826
ConsigneePanjivaID,801,827
ConsigneePanjivaID,802,828
ConsigneePanjivaID,803,829
ConsigneePanjivaID,804,830
ConsigneePanjivaID,805,831
ConsigneePanjivaID,806,832
ConsigneePanjivaID,807,833
ConsigneePanjivaID,808,834
ConsigneePanjivaID,809,835
ConsigneePanjivaID,810,836
ConsigneePanjivaID,811,837
ConsigneePanjivaID,812,838
ConsigneePanjivaID,813,839
ConsigneePanjivaID,814,840
ConsigneePanjivaID,815,841
ConsigneePanjivaID,816,842
ConsigneePanjivaID,817,843
ConsigneePanjivaID,818,844
ConsigneePanjivaID,819,845
ConsigneePanjivaID,820,846
ConsigneePanjivaID,821,847
ConsigneePanjivaID,822,848
ConsigneePanjivaID,823,849
ConsigneePanjivaID,824,850
ConsigneePanjivaID,825,851
ConsigneePanjivaID,826,852
ConsigneePanjivaID,827,853
ConsigneePanjivaID,828,854
ConsigneePanjivaID,829,855
ConsigneePanjivaID,830,856
ConsigneePanjivaID,831,857
ConsigneePanjivaID,832,858
ConsigneePanjivaID,833,859
ConsigneePanjivaID,834,860
ConsigneePanjivaID,835,861
ConsigneePanjivaID,836,862
ConsigneePanjivaID,837,863
ConsigneePanjivaID,838,864
ConsigneePanjivaID,839,865
ConsigneePanjivaID,840,866
ConsigneePanjivaID,841,867
ConsigneePanjivaID,842,868
ConsigneePanjivaID,843,869
ConsigneePanjivaID,844,870
ConsigneePanjivaID,845,871
ConsigneePanjivaID,846,872
ConsigneePanjivaID,847,873
ConsigneePanjivaID,848,874
ConsigneePanjivaID,849,875
ConsigneePanjivaID,850,876
ConsigneePanjivaID,851,877
ConsigneePanjivaID,852,878
ConsigneePanjivaID,853,879
ConsigneePanjivaID,854,880
ConsigneePanjivaID,855,881
ConsigneePanjivaID,856,882
ConsigneePanjivaID,857,883
ConsigneePanjivaID,858,884
ConsigneePanjivaID,859,885
ConsigneePanjivaID,860,886
ConsigneePanjivaID,861,887
ConsigneePanjivaID,862,888
ConsigneePanjivaID,863,889
ConsigneePanjivaID,864,890
ConsigneePanjivaID,865,891
ConsigneePanjivaID,866,892
ConsigneePanjivaID,867,893
ConsigneePanjivaID,868,894
ConsigneePanjivaID,869,895
ConsigneePanjivaID,870,896
ConsigneePanjivaID,871,897
ConsigneePanjivaID,872,898
ConsigneePanjivaID,873,899
ConsigneePanjivaID,874,900
ConsigneePanjivaID,875,901
ConsigneePanjivaID,876,902
ConsigneePanjivaID,877,903
ConsigneePanjivaID,878,904
ConsigneePanjivaID,879,905
ConsigneePanjivaID,880,906
ConsigneePanjivaID,881,907
ConsigneePanjivaID,882,908
ConsigneePanjivaID,883,909
ConsigneePanjivaID,884,910
ConsigneePanjivaID,885,911
ConsigneePanjivaID,886,912
ConsigneePanjivaID,887,913
ConsigneePanjivaID,888,914
ConsigneePanjivaID,889,915
ConsigneePanjivaID,890,916
ConsigneePanjivaID,891,917
ConsigneePanjivaID,892,918
ConsigneePanjivaID,893,919
ConsigneePanjivaID,894,920
ConsigneePanjivaID,895,921
ConsigneePanjivaID,896,922
ConsigneePanjivaID,897,923
ConsigneePanjivaID,898,924
ConsigneePanjivaID,899,925
ConsigneePanjivaID,900,926
ConsigneePanjivaID,901,927
ConsigneePanjivaID,902,928
ConsigneePanjivaID,903,929
ConsigneePanjivaID,904,930
ConsigneePanjivaID,905,931
ConsigneePanjivaID,906,932
ConsigneePanjivaID,907,933
ConsigneePanjivaID,908,934
ConsigneePanjivaID,909,935
ConsigneePanjivaID,910,936
ConsigneePanjivaID,911,937
ConsigneePanjivaID,912,938
ConsigneePanjivaID,913,939
ConsigneePanjivaID,914,940
ConsigneePanjivaID,915,941
ConsigneePanjivaID,916,942
ConsigneePanjivaID,917,943
ConsigneePanjivaID,918,944
ConsigneePanjivaID,919,945
ConsigneePanjivaID,920,946
ConsigneePanjivaID,921,947
ConsigneePanjivaID,922,948
ConsigneePanjivaID,923,949
ConsigneePanjivaID,924,950
ConsigneePanjivaID,925,951
ConsigneePanjivaID,926,952
ConsigneePanjivaID,927,953
ConsigneePanjivaID,928,954
ConsigneePanjivaID,929,955
ConsigneePanjivaID,930,956
ConsigneePanjivaID,931,957
ConsigneePanjivaID,932,958
ConsigneePanjivaID,933,959
ConsigneePanjivaID,934,960
ConsigneePanjivaID,935,961
ConsigneePanjivaID,936,962
ConsigneePanjivaID,937,963
ConsigneePanjivaID,938,964
ConsigneePanjivaID,939,965
ConsigneePanjivaID,940,966
ConsigneePanjivaID,941,967
ConsigneePanjivaID,942,968
ConsigneePanjivaID,943,969
ConsigneePanjivaID,944,970
ConsigneePanjivaID,945,971
ConsigneePanjivaID,946,972
ConsigneePanjivaID,947,973
ConsigneePanjivaID,948,974
ConsigneePanjivaID,949,975
ConsigneePanjivaID,950,976
ConsigneePanjivaID,951,977
ConsigneePanjivaID,952,978
ConsigneePanjivaID,953,979
ConsigneePanjivaID,954,980
ConsigneePanjivaID,955,981
ConsigneePanjivaID,956,982
ConsigneePanjivaID,957,983
ConsigneePanjivaID,958,984
ConsigneePanjivaID,959,985
ConsigneePanjivaID,960,986
ConsigneePanjivaID,961,987
ConsigneePanjivaID,962,988
ConsigneePanjivaID,963,989
ConsigneePanjivaID,964,990
ConsigneePanjivaID,965,991
ConsigneePanjivaID,966,992
ConsigneePanjivaID,967,993
ConsigneePanjivaID,968,994
ConsigneePanjivaID,969,995
ConsigneePanjivaID,970,996
ConsigneePanjivaID,971,997
ConsigneePanjivaID,972,998
ConsigneePanjivaID,973,999
ConsigneePanjivaID,974,1000
ConsigneePanjivaID,975,1001
ConsigneePanjivaID,976,1002
ConsigneePanjivaID,977,1003
ConsigneePanjivaID,978,1004
ConsigneePanjivaID,979,1005
ConsigneePanjivaID,980,1006
ConsigneePanjivaID,981,1007
ConsigneePanjivaID,982,1008
ConsigneePanjivaID,983,1009
ConsigneePanjivaID,984,1010
ConsigneePanjivaID,985,1011
ConsigneePanjivaID,986,1012
ConsigneePanjivaID,987,1013
ConsigneePanjivaID,988,1014
ConsigneePanjivaID,989,1015
ConsigneePanjivaID,990,1016
ConsigneePanjivaID,991,1017
ConsigneePanjivaID,992,1018
ConsigneePanjivaID,993,1019
ConsigneePanjivaID,994,1020
ConsigneePanjivaID,995,1021
ConsigneePanjivaID,996,1022
ConsigneePanjivaID,997,1023
ConsigneePanjivaID,998,1024
ConsigneePanjivaID,999,1025
ConsigneePanjivaID,1000,1026
ConsigneePanjivaID,1001,1027
ConsigneePanjivaID,1002,1028
ConsigneePanjivaID,1003,1029
ConsigneePanjivaID,1004,1030
ConsigneePanjivaID,1005,1031
ConsigneePanjivaID,1006,1032
ConsigneePanjivaID,1007,1033
ConsigneePanjivaID,1008,1034
ConsigneePanjivaID,1009,1035
ConsigneePanjivaID,1010,1036
ConsigneePanjivaID,1011,1037
ConsigneePanjivaID,1012,1038
ConsigneePanjivaID,1013,1039
ConsigneePanjivaID,1014,1040
ConsigneePanjivaID,1015,1041
ConsigneePanjivaID,1016,1042
ConsigneePanjivaID,1017,1043
ConsigneePanjivaID,1018,1044
ConsigneePanjivaID,1019,1045
ConsigneePanjivaID,1020,1046
ConsigneePanjivaID,1021,1047
ConsigneePanjivaID,1022,1048
ConsigneePanjivaID,1023,1049
ConsigneePanjivaID,1024,1050
ConsigneePanjivaID,1025,1051
ConsigneePanjivaID,1026,1052
ConsigneePanjivaID,1027,1053
ConsigneePanjivaID,1028,1054
ConsigneePanjivaID,1029,1055
ConsigneePanjivaID,1030,1056
ConsigneePanjivaID,1031,1057
ConsigneePanjivaID,1032,1058
ConsigneePanjivaID,1033,1059
ConsigneePanjivaID,1034,1060
ConsigneePanjivaID,1035,1061
ConsigneePanjivaID,1036,1062
ConsigneePanjivaID,1037,1063
ConsigneePanjivaID,1038,1064
ConsigneePanjivaID,1039,1065
ConsigneePanjivaID,1040,1066
ConsigneePanjivaID,1041,1067
ConsigneePanjivaID,1042,1068
ConsigneePanjivaID,1043,1069
ConsigneePanjivaID,1044,1070
ConsigneePanjivaID,1045,1071
ConsigneePanjivaID,1046,1072
ConsigneePanjivaID,1047,1073
ConsigneePanjivaID,1048,1074
ConsigneePanjivaID,1049,1075
ConsigneePanjivaID,1050,1076
ConsigneePanjivaID,1051,1077
ConsigneePanjivaID,1052,1078
ConsigneePanjivaID,1053,1079
ConsigneePanjivaID,1054,1080
ConsigneePanjivaID,1055,1081
ConsigneePanjivaID,1056,1082
ConsigneePanjivaID,1057,1083
ConsigneePanjivaID,1058,1084
ConsigneePanjivaID,1059,1085
ConsigneePanjivaID,1060,1086
ConsigneePanjivaID,1061,1087
ConsigneePanjivaID,1062,1088
ConsigneePanjivaID,1063,1089
ConsigneePanjivaID,1064,1090
ConsigneePanjivaID,1065,1091
ConsigneePanjivaID,1066,1092
ConsigneePanjivaID,1067,1093
ConsigneePanjivaID,1068,1094
ConsigneePanjivaID,1069,1095
ConsigneePanjivaID,1070,1096
ConsigneePanjivaID,1071,1097
ConsigneePanjivaID,1072,1098
ConsigneePanjivaID,1073,1099
ConsigneePanjivaID,1074,1100
ConsigneePanjivaID,1075,1101
ConsigneePanjivaID,1076,1102
ConsigneePanjivaID,1077,1103
ConsigneePanjivaID,1078,1104
ConsigneePanjivaID,1079,1105
ConsigneePanjivaID,1080,1106
ConsigneePanjivaID,1081,1107
ConsigneePanjivaID,1082,1108
ConsigneePanjivaID,1083,1109
ConsigneePanjivaID,1084,1110
ConsigneePanjivaID,1085,1111
ConsigneePanjivaID,1086,1112
ConsigneePanjivaID,1087,1113
ConsigneePanjivaID,1088,1114
ConsigneePanjivaID,1089,1115
ConsigneePanjivaID,1090,1116
ConsigneePanjivaID,1091,1117
ConsigneePanjivaID,1092,1118
ConsigneePanjivaID,1093,1119
ConsigneePanjivaID,1094,1120
ConsigneePanjivaID,1095,1121
ConsigneePanjivaID,1096,1122
ConsigneePanjivaID,1097,1123
ConsigneePanjivaID,1098,1124
ConsigneePanjivaID,1099,1125
ConsigneePanjivaID,1100,1126
ConsigneePanjivaID,1101,1127
ConsigneePanjivaID,1102,1128
ConsigneePanjivaID,1103,1129
ConsigneePanjivaID,1104,1130
ConsigneePanjivaID,1105,1131
ConsigneePanjivaID,1106,1132
ConsigneePanjivaID,1107,1133
ConsigneePanjivaID,1108,1134
ConsigneePanjivaID,1109,1135
ConsigneePanjivaID,1110,1136
ConsigneePanjivaID,1111,1137
ConsigneePanjivaID,1112,1138
ConsigneePanjivaID,1113,1139
ConsigneePanjivaID,1114,1140
ConsigneePanjivaID,1115,1141
ConsigneePanjivaID,1116,1142
ConsigneePanjivaID,1117,1143
ConsigneePanjivaID,1118,1144
ConsigneePanjivaID,1119,1145
ConsigneePanjivaID,1120,1146
ConsigneePanjivaID,1121,1147
ConsigneePanjivaID,1122,1148
ConsigneePanjivaID,1123,1149
ConsigneePanjivaID,1124,1150
ConsigneePanjivaID,1125,1151
ConsigneePanjivaID,1126,1152
ConsigneePanjivaID,1127,1153
ConsigneePanjivaID,1128,1154
ConsigneePanjivaID,1129,1155
ConsigneePanjivaID,1130,1156
ConsigneePanjivaID,1131,1157
ConsigneePanjivaID,1132,1158
ConsigneePanjivaID,1133,1159
ConsigneePanjivaID,1134,1160
ConsigneePanjivaID,1135,1161
ConsigneePanjivaID,1136,1162
ConsigneePanjivaID,1137,1163
ConsigneePanjivaID,1138,1164
ConsigneePanjivaID,1139,1165
ConsigneePanjivaID,1140,1166
ConsigneePanjivaID,1141,1167
ConsigneePanjivaID,1142,1168
ConsigneePanjivaID,1143,1169
ConsigneePanjivaID,1144,1170
ConsigneePanjivaID,1145,1171
ConsigneePanjivaID,1146,1172
ConsigneePanjivaID,1147,1173
ConsigneePanjivaID,1148,1174
ConsigneePanjivaID,1149,1175
ConsigneePanjivaID,1150,1176
ConsigneePanjivaID,1151,1177
ConsigneePanjivaID,1152,1178
ConsigneePanjivaID,1153,1179
ConsigneePanjivaID,1154,1180
ConsigneePanjivaID,1155,1181
ConsigneePanjivaID,1156,1182
ConsigneePanjivaID,1157,1183
ConsigneePanjivaID,1158,1184
ConsigneePanjivaID,1159,1185
ConsigneePanjivaID,1160,1186
ConsigneePanjivaID,1161,1187
ConsigneePanjivaID,1162,1188
ConsigneePanjivaID,1163,1189
ConsigneePanjivaID,1164,1190
ConsigneePanjivaID,1165,1191
ConsigneePanjivaID,1166,1192
ConsigneePanjivaID,1167,1193
ConsigneePanjivaID,1168,1194
ConsigneePanjivaID,1169,1195
ConsigneePanjivaID,1170,1196
ConsigneePanjivaID,1171,1197
ConsigneePanjivaID,1172,1198
ConsigneePanjivaID,1173,1199
ConsigneePanjivaID,1174,1200
ConsigneePanjivaID,1175,1201
ConsigneePanjivaID,1176,1202
ConsigneePanjivaID,1177,1203
ConsigneePanjivaID,1178,1204
ConsigneePanjivaID,1179,1205
ConsigneePanjivaID,1180,1206
ConsigneePanjivaID,1181,1207
ConsigneePanjivaID,1182,1208
ConsigneePanjivaID,1183,1209
ConsigneePanjivaID,1184,1210
ConsigneePanjivaID,1185,1211
ConsigneePanjivaID,1186,1212
ConsigneePanjivaID,1187,1213
ConsigneePanjivaID,1188,1214
ConsigneePanjivaID,1189,1215
ConsigneePanjivaID,1190,1216
ConsigneePanjivaID,1191,1217
ConsigneePanjivaID,1192,1218
ConsigneePanjivaID,1193,1219
ConsigneePanjivaID,1194,1220
ConsigneePanjivaID,1195,1221
ConsigneePanjivaID,1196,1222
ConsigneePanjivaID,1197,1223
ConsigneePanjivaID,1198,1224
ConsigneePanjivaID,1199,1225
ConsigneePanjivaID,1200,1226
ConsigneePanjivaID,1201,1227
ConsigneePanjivaID,1202,1228
ConsigneePanjivaID,1203,1229
ConsigneePanjivaID,1204,1230
ConsigneePanjivaID,1205,1231
ConsigneePanjivaID,1206,1232
ConsigneePanjivaID,1207,1233
ConsigneePanjivaID,1208,1234
ConsigneePanjivaID,1209,1235
ConsigneePanjivaID,1210,1236
ConsigneePanjivaID,1211,1237
ConsigneePanjivaID,1212,1238
ConsigneePanjivaID,1213,1239
ConsigneePanjivaID,1214,1240
ConsigneePanjivaID,1215,1241
ConsigneePanjivaID,1216,1242
ConsigneePanjivaID,1217,1243
ConsigneePanjivaID,1218,1244
ConsigneePanjivaID,1219,1245
ConsigneePanjivaID,1220,1246
ConsigneePanjivaID,1221,1247
ConsigneePanjivaID,1222,1248
ConsigneePanjivaID,1223,1249
ConsigneePanjivaID,1224,1250
ConsigneePanjivaID,1225,1251
ConsigneePanjivaID,1226,1252
ConsigneePanjivaID,1227,1253
ConsigneePanjivaID,1228,1254
ConsigneePanjivaID,1229,1255
ConsigneePanjivaID,1230,1256
ConsigneePanjivaID,1231,1257
ConsigneePanjivaID,1232,1258
ConsigneePanjivaID,1233,1259
ConsigneePanjivaID,1234,1260
ConsigneePanjivaID,1235,1261
ConsigneePanjivaID,1236,1262
ConsigneePanjivaID,1237,1263
ConsigneePanjivaID,1238,1264
ConsigneePanjivaID,1239,1265
ConsigneePanjivaID,1240,1266
ConsigneePanjivaID,1241,1267
ConsigneePanjivaID,1242,1268
ConsigneePanjivaID,1243,1269
ConsigneePanjivaID,1244,1270
ConsigneePanjivaID,1245,1271
ConsigneePanjivaID,1246,1272
ConsigneePanjivaID,1247,1273
ConsigneePanjivaID,1248,1274
ConsigneePanjivaID,1249,1275
ConsigneePanjivaID,1250,1276
ConsigneePanjivaID,1251,1277
ConsigneePanjivaID,1252,1278
ConsigneePanjivaID,1253,1279
ConsigneePanjivaID,1254,1280
ConsigneePanjivaID,1255,1281
ConsigneePanjivaID,1256,1282
ConsigneePanjivaID,1257,1283
ConsigneePanjivaID,1258,1284
ConsigneePanjivaID,1259,1285
ConsigneePanjivaID,1260,1286
ConsigneePanjivaID,1261,1287
ConsigneePanjivaID,1262,1288
ConsigneePanjivaID,1263,1289
ConsigneePanjivaID,1264,1290
ConsigneePanjivaID,1265,1291
ConsigneePanjivaID,1266,1292
ConsigneePanjivaID,1267,1293
ConsigneePanjivaID,1268,1294
ConsigneePanjivaID,1269,1295
ConsigneePanjivaID,1270,1296
ConsigneePanjivaID,1271,1297
ConsigneePanjivaID,1272,1298
ConsigneePanjivaID,1273,1299
ConsigneePanjivaID,1274,1300
ConsigneePanjivaID,1275,1301
ConsigneePanjivaID,1276,1302
ConsigneePanjivaID,1277,1303
ConsigneePanjivaID,1278,1304
ConsigneePanjivaID,1279,1305
ConsigneePanjivaID,1280,1306
ConsigneePanjivaID,1281,1307
ConsigneePanjivaID,1282,1308
ConsigneePanjivaID,1283,1309
ConsigneePanjivaID,1284,1310
ConsigneePanjivaID,1285,1311
ConsigneePanjivaID,1286,1312
ConsigneePanjivaID,1287,1313
ConsigneePanjivaID,1288,1314
ConsigneePanjivaID,1289,1315
ConsigneePanjivaID,1290,1316
ConsigneePanjivaID,1291,1317
ConsigneePanjivaID,1292,1318
ConsigneePanjivaID,1293,1319
ConsigneePanjivaID,1294,1320
ConsigneePanjivaID,1295,1321
ConsigneePanjivaID,1296,1322
ConsigneePanjivaID,1297,1323
ConsigneePanjivaID,1298,1324
ConsigneePanjivaID,1299,1325
ConsigneePanjivaID,1300,1326
ConsigneePanjivaID,1301,1327
ConsigneePanjivaID,1302,1328
ConsigneePanjivaID,1303,1329
ConsigneePanjivaID,1304,1330
ConsigneePanjivaID,1305,1331
ConsigneePanjivaID,1306,1332
ConsigneePanjivaID,1307,1333
ConsigneePanjivaID,1308,1334
ConsigneePanjivaID,1309,1335
ConsigneePanjivaID,1310,1336
ConsigneePanjivaID,1311,1337
ConsigneePanjivaID,1312,1338
ConsigneePanjivaID,1313,1339
ConsigneePanjivaID,1314,1340
ConsigneePanjivaID,1315,1341
ConsigneePanjivaID,1316,1342
ConsigneePanjivaID,1317,1343
ConsigneePanjivaID,1318,1344
ConsigneePanjivaID,1319,1345
ConsigneePanjivaID,1320,1346
ConsigneePanjivaID,1321,1347
ConsigneePanjivaID,1322,1348
ConsigneePanjivaID,1323,1349
ConsigneePanjivaID,1324,1350
ConsigneePanjivaID,1325,1351
ConsigneePanjivaID,1326,1352
ConsigneePanjivaID,1327,1353
ConsigneePanjivaID,1328,1354
ConsigneePanjivaID,1329,1355
ConsigneePanjivaID,1330,1356
ConsigneePanjivaID,1331,1357
ConsigneePanjivaID,1332,1358
ConsigneePanjivaID,1333,1359
ConsigneePanjivaID,1334,1360
ConsigneePanjivaID,1335,1361
ConsigneePanjivaID,1336,1362
ConsigneePanjivaID,1337,1363
ConsigneePanjivaID,1338,1364
ConsigneePanjivaID,1339,1365
ConsigneePanjivaID,1340,1366
ConsigneePanjivaID,1341,1367
ConsigneePanjivaID,1342,1368
ConsigneePanjivaID,1343,1369
ConsigneePanjivaID,1344,1370
ConsigneePanjivaID,1345,1371
ConsigneePanjivaID,1346,1372
ConsigneePanjivaID,1347,1373
ConsigneePanjivaID,1348,1374
ConsigneePanjivaID,1349,1375
ConsigneePanjivaID,1350,1376
ConsigneePanjivaID,1351,1377
ConsigneePanjivaID,1352,1378
ConsigneePanjivaID,1353,1379
ConsigneePanjivaID,1354,1380
ConsigneePanjivaID,1355,1381
ConsigneePanjivaID,1356,1382
ConsigneePanjivaID,1357,1383
ConsigneePanjivaID,1358,1384
ConsigneePanjivaID,1359,1385
ConsigneePanjivaID,1360,1386
ConsigneePanjivaID,1361,1387
ConsigneePanjivaID,1362,1388
ConsigneePanjivaID,1363,1389
ConsigneePanjivaID,1364,1390
ConsigneePanjivaID,1365,1391
ConsigneePanjivaID,1366,1392
ConsigneePanjivaID,1367,1393
ConsigneePanjivaID,1368,1394
ConsigneePanjivaID,1369,1395
ConsigneePanjivaID,1370,1396
ConsigneePanjivaID,1371,1397
ConsigneePanjivaID,1372,1398
ConsigneePanjivaID,1373,1399
ConsigneePanjivaID,1374,1400
ConsigneePanjivaID,1375,1401
ConsigneePanjivaID,1376,1402
ConsigneePanjivaID,1377,1403
ConsigneePanjivaID,1378,1404
ConsigneePanjivaID,1379,1405
ConsigneePanjivaID,1380,1406
ConsigneePanjivaID,1381,1407
ConsigneePanjivaID,1382,1408
ConsigneePanjivaID,1383,1409
ConsigneePanjivaID,1384,1410
ConsigneePanjivaID,1385,1411
ConsigneePanjivaID,1386,1412
ConsigneePanjivaID,1387,1413
ConsigneePanjivaID,1388,1414
ConsigneePanjivaID,1389,1415
ConsigneePanjivaID,1390,1416
ConsigneePanjivaID,1391,1417
ConsigneePanjivaID,1392,1418
ConsigneePanjivaID,1393,1419
ConsigneePanjivaID,1394,1420
ConsigneePanjivaID,1395,1421
ConsigneePanjivaID,1396,1422
ConsigneePanjivaID,1397,1423
ConsigneePanjivaID,1398,1424
ConsigneePanjivaID,1399,1425
ConsigneePanjivaID,1400,1426
ConsigneePanjivaID,1401,1427
ConsigneePanjivaID,1402,1428
ConsigneePanjivaID,1403,1429
ConsigneePanjivaID,1404,1430
ConsigneePanjivaID,1405,1431
ConsigneePanjivaID,1406,1432
ConsigneePanjivaID,1407,1433
ConsigneePanjivaID,1408,1434
ConsigneePanjivaID,1409,1435
ConsigneePanjivaID,1410,1436
ConsigneePanjivaID,1411,1437
ConsigneePanjivaID,1412,1438
ConsigneePanjivaID,1413,1439
ConsigneePanjivaID,1414,1440
ConsigneePanjivaID,1415,1441
ConsigneePanjivaID,1416,1442
ConsigneePanjivaID,1417,1443
ConsigneePanjivaID,1418,1444
ConsigneePanjivaID,1419,1445
ConsigneePanjivaID,1420,1446
ConsigneePanjivaID,1421,1447
ConsigneePanjivaID,1422,1448
ConsigneePanjivaID,1423,1449
ConsigneePanjivaID,1424,1450
ConsigneePanjivaID,1425,1451
ConsigneePanjivaID,1426,1452
ConsigneePanjivaID,1427,1453
ConsigneePanjivaID,1428,1454
ConsigneePanjivaID,1429,1455
ConsigneePanjivaID,1430,1456
ConsigneePanjivaID,1431,1457
ConsigneePanjivaID,1432,1458
ConsigneePanjivaID,1433,1459
ConsigneePanjivaID,1434,1460
ConsigneePanjivaID,1435,1461
ConsigneePanjivaID,1436,1462
ConsigneePanjivaID,1437,1463
ConsigneePanjivaID,1438,1464
ConsigneePanjivaID,1439,1465
ConsigneePanjivaID,1440,1466
ConsigneePanjivaID,1441,1467
ConsigneePanjivaID,1442,1468
ConsigneePanjivaID,1443,1469
ConsigneePanjivaID,1444,1470
ConsigneePanjivaID,1445,1471
ConsigneePanjivaID,1446,1472
ConsigneePanjivaID,1447,1473
ConsigneePanjivaID,1448,1474
ConsigneePanjivaID,1449,1475
ConsigneePanjivaID,1450,1476
ConsigneePanjivaID,1451,1477
ConsigneePanjivaID,1452,1478
ConsigneePanjivaID,1453,1479
ConsigneePanjivaID,1454,1480
ConsigneePanjivaID,1455,1481
ConsigneePanjivaID,1456,1482
ConsigneePanjivaID,1457,1483
ConsigneePanjivaID,1458,1484
ConsigneePanjivaID,1459,1485
ConsigneePanjivaID,1460,1486
ConsigneePanjivaID,1461,1487
ConsigneePanjivaID,1462,1488
ConsigneePanjivaID,1463,1489
ConsigneePanjivaID,1464,1490
ConsigneePanjivaID,1465,1491
ConsigneePanjivaID,1466,1492
ConsigneePanjivaID,1467,1493
ConsigneePanjivaID,1468,1494
ConsigneePanjivaID,1469,1495
ConsigneePanjivaID,1470,1496
ConsigneePanjivaID,1471,1497
ConsigneePanjivaID,1472,1498
ConsigneePanjivaID,1473,1499
ConsigneePanjivaID,1474,1500
ConsigneePanjivaID,1475,1501
ConsigneePanjivaID,1476,1502
ConsigneePanjivaID,1477,1503
ConsigneePanjivaID,1478,1504
ConsigneePanjivaID,1479,1505
ConsigneePanjivaID,1480,1506
ConsigneePanjivaID,1481,1507
ConsigneePanjivaID,1482,1508
ConsigneePanjivaID,1483,1509
ConsigneePanjivaID,1484,1510
ConsigneePanjivaID,1485,1511
ConsigneePanjivaID,1486,1512
ConsigneePanjivaID,1487,1513
ConsigneePanjivaID,1488,1514
ConsigneePanjivaID,1489,1515
ConsigneePanjivaID,1490,1516
ConsigneePanjivaID,1491,1517
ConsigneePanjivaID,1492,1518
ConsigneePanjivaID,1493,1519
ConsigneePanjivaID,1494,1520
ConsigneePanjivaID,1495,1521
ConsigneePanjivaID,1496,1522
ConsigneePanjivaID,1497,1523
ConsigneePanjivaID,1498,1524
ConsigneePanjivaID,1499,1525
ConsigneePanjivaID,1500,1526
ConsigneePanjivaID,1501,1527
ConsigneePanjivaID,1502,1528
ConsigneePanjivaID,1503,1529
ConsigneePanjivaID,1504,1530
ConsigneePanjivaID,1505,1531
ConsigneePanjivaID,1506,1532
ConsigneePanjivaID,1507,1533
ConsigneePanjivaID,1508,1534
ConsigneePanjivaID,1509,1535
ConsigneePanjivaID,1510,1536
ConsigneePanjivaID,1511,1537
ConsigneePanjivaID,1512,1538
ConsigneePanjivaID,1513,1539
ConsigneePanjivaID,1514,1540
ConsigneePanjivaID,1515,1541
ConsigneePanjivaID,1516,1542
ConsigneePanjivaID,1517,1543
ConsigneePanjivaID,1518,1544
ConsigneePanjivaID,1519,1545
ConsigneePanjivaID,1520,1546
ConsigneePanjivaID,1521,1547
ConsigneePanjivaID,1522,1548
ConsigneePanjivaID,1523,1549
ConsigneePanjivaID,1524,1550
ConsigneePanjivaID,1525,1551
ConsigneePanjivaID,1526,1552
ConsigneePanjivaID,1527,1553
ConsigneePanjivaID,1528,1554
ConsigneePanjivaID,1529,1555
ConsigneePanjivaID,1530,1556
ConsigneePanjivaID,1531,1557
ConsigneePanjivaID,1532,1558
ConsigneePanjivaID,1533,1559
ConsigneePanjivaID,1534,1560
ConsigneePanjivaID,1535,1561
ConsigneePanjivaID,1536,1562
ConsigneePanjivaID,1537,1563
ConsigneePanjivaID,1538,1564
ConsigneePanjivaID,1539,1565
ConsigneePanjivaID,1540,1566
ConsigneePanjivaID,1541,1567
ConsigneePanjivaID,1542,1568
ConsigneePanjivaID,1543,1569
ConsigneePanjivaID,1544,1570
ConsigneePanjivaID,1545,1571
ConsigneePanjivaID,1546,1572
ConsigneePanjivaID,1547,1573
ConsigneePanjivaID,1548,1574
ConsigneePanjivaID,1549,1575
ConsigneePanjivaID,1550,1576
ConsigneePanjivaID,1551,1577
ConsigneePanjivaID,1552,1578
ConsigneePanjivaID,1553,1579
ConsigneePanjivaID,1554,1580
ConsigneePanjivaID,1555,1581
ConsigneePanjivaID,1556,1582
ConsigneePanjivaID,1557,1583
ConsigneePanjivaID,1558,1584
ConsigneePanjivaID,1559,1585
ConsigneePanjivaID,1560,1586
ConsigneePanjivaID,1561,1587
ConsigneePanjivaID,1562,1588
ConsigneePanjivaID,1563,1589
ConsigneePanjivaID,1564,1590
ConsigneePanjivaID,1565,1591
ConsigneePanjivaID,1566,1592
ConsigneePanjivaID,1567,1593
ConsigneePanjivaID,1568,1594
ConsigneePanjivaID,1569,1595
ConsigneePanjivaID,1570,1596
ConsigneePanjivaID,1571,1597
ConsigneePanjivaID,1572,1598
ConsigneePanjivaID,1573,1599
ConsigneePanjivaID,1574,1600
ConsigneePanjivaID,1575,1601
ConsigneePanjivaID,1576,1602
ConsigneePanjivaID,1577,1603
ConsigneePanjivaID,1578,1604
ConsigneePanjivaID,1579,1605
ConsigneePanjivaID,1580,1606
ConsigneePanjivaID,1581,1607
ConsigneePanjivaID,1582,1608
ConsigneePanjivaID,1583,1609
ConsigneePanjivaID,1584,1610
ConsigneePanjivaID,1585,1611
ConsigneePanjivaID,1586,1612
ConsigneePanjivaID,1587,1613
ConsigneePanjivaID,1588,1614
ConsigneePanjivaID,1589,1615
ConsigneePanjivaID,1590,1616
ConsigneePanjivaID,1591,1617
ConsigneePanjivaID,1592,1618
ConsigneePanjivaID,1593,1619
ConsigneePanjivaID,1594,1620
ConsigneePanjivaID,1595,1621
ConsigneePanjivaID,1596,1622
ConsigneePanjivaID,1597,1623
ConsigneePanjivaID,1598,1624
ConsigneePanjivaID,1599,1625
ConsigneePanjivaID,1600,1626
ConsigneePanjivaID,1601,1627
ConsigneePanjivaID,1602,1628
ConsigneePanjivaID,1603,1629
ConsigneePanjivaID,1604,1630
ConsigneePanjivaID,1605,1631
ConsigneePanjivaID,1606,1632
ConsigneePanjivaID,1607,1633
ConsigneePanjivaID,1608,1634
ConsigneePanjivaID,1609,1635
ConsigneePanjivaID,1610,1636
ConsigneePanjivaID,1611,1637
ConsigneePanjivaID,1612,1638
ConsigneePanjivaID,1613,1639
ConsigneePanjivaID,1614,1640
ConsigneePanjivaID,1615,1641
ConsigneePanjivaID,1616,1642
ConsigneePanjivaID,1617,1643
ConsigneePanjivaID,1618,1644
ConsigneePanjivaID,1619,1645
ConsigneePanjivaID,1620,1646
ConsigneePanjivaID,1621,1647
ConsigneePanjivaID,1622,1648
ConsigneePanjivaID,1623,1649
ConsigneePanjivaID,1624,1650
ConsigneePanjivaID,1625,1651
ConsigneePanjivaID,1626,1652
ConsigneePanjivaID,1627,1653
GoodsShipped,0,1654
GoodsShipped,1,1655
GoodsShipped,2,1656
GoodsShipped,3,1657
GoodsShipped,4,1658
GoodsShipped,5,1659
GoodsShipped,6,1660
GoodsShipped,7,1661
GoodsShipped,8,1662
GoodsShipped,9,1663
GoodsShipped,10,1664
GoodsShipped,11,1665
GoodsShipped,12,1666
GoodsShipped,13,1667
GoodsShipped,14,1668
GoodsShipped,15,1669
GoodsShipped,16,1670
GoodsShipped,17,1671
GoodsShipped,18,1672
GoodsShipped,19,1673
GoodsShipped,20,1674
GoodsShipped,21,1675
GoodsShipped,22,1676
GoodsShipped,23,1677
GoodsShipped,24,1678
GoodsShipped,25,1679
GoodsShipped,26,1680
GoodsShipped,27,1681
GoodsShipped,28,1682
GoodsShipped,29,1683
GoodsShipped,30,1684
GoodsShipped,31,1685
GoodsShipped,32,1686
GoodsShipped,33,1687
GoodsShipped,34,1688
GoodsShipped,35,1689
GoodsShipped,36,1690
GoodsShipped,37,1691
GoodsShipped,38,1692
GoodsShipped,39,1693
GoodsShipped,40,1694
GoodsShipped,41,1695
GoodsShipped,42,1696
GoodsShipped,43,1697
GoodsShipped,44,1698
GoodsShipped,45,1699
GoodsShipped,46,1700
GoodsShipped,47,1701
GoodsShipped,48,1702
GoodsShipped,49,1703
GoodsShipped,50,1704
GoodsShipped,51,1705
GoodsShipped,52,1706
GoodsShipped,53,1707
GoodsShipped,54,1708
GoodsShipped,55,1709
GoodsShipped,56,1710
GoodsShipped,57,1711
GoodsShipped,58,1712
GoodsShipped,59,1713
GoodsShipped,60,1714
GoodsShipped,61,1715
GoodsShipped,62,1716
GoodsShipped,63,1717
GoodsShipped,64,1718
GoodsShipped,65,1719
GoodsShipped,66,1720
GoodsShipped,67,1721
GoodsShipped,68,1722
GoodsShipped,69,1723
GoodsShipped,70,1724
GoodsShipped,71,1725
GoodsShipped,72,1726
GoodsShipped,73,1727
GoodsShipped,74,1728
GoodsShipped,75,1729
GoodsShipped,76,1730
GoodsShipped,77,1731
GoodsShipped,78,1732
GoodsShipped,79,1733
GoodsShipped,80,1734
GoodsShipped,81,1735
GoodsShipped,82,1736
GoodsShipped,83,1737
GoodsShipped,84,1738
GoodsShipped,85,1739
GoodsShipped,86,1740
GoodsShipped,87,1741
GoodsShipped,88,1742
GoodsShipped,89,1743
GoodsShipped,90,1744
GoodsShipped,91,1745
GoodsShipped,92,1746
GoodsShipped,93,1747
GoodsShipped,94,1748
GoodsShipped,95,1749
GoodsShipped,96,1750
GoodsShipped,97,1751
GoodsShipped,98,1752
GoodsShipped,99,1753
GoodsShipped,100,1754
GoodsShipped,101,1755
GoodsShipped,102,1756
GoodsShipped,103,1757
GoodsShipped,104,1758
GoodsShipped,105,1759
GoodsShipped,106,1760
GoodsShipped,107,1761
GoodsShipped,108,1762
GoodsShipped,109,1763
GoodsShipped,110,1764
GoodsShipped,111,1765
GoodsShipped,112,1766
GoodsShipped,113,1767
GoodsShipped,114,1768
GoodsShipped,115,1769
GoodsShipped,116,1770
GoodsShipped,117,1771
GoodsShipped,118,1772
GoodsShipped,119,1773
GoodsShipped,120,1774
GoodsShipped,121,1775
GoodsShipped,122,1776
GoodsShipped,123,1777
GoodsShipped,124,1778
GoodsShipped,125,1779
GoodsShipped,126,1780
GoodsShipped,127,1781
GoodsShipped,128,1782
GoodsShipped,129,1783
GoodsShipped,130,1784
GoodsShipped,131,1785
GoodsShipped,132,1786
GoodsShipped,133,1787
GoodsShipped,134,1788
GoodsShipped,135,1789
GoodsShipped,136,1790
GoodsShipped,137,1791
GoodsShipped,138,1792
GoodsShipped,139,1793
GoodsShipped,140,1794
PortOfUnlading,0,1795
PortOfUnlading,1,1796
PortOfUnlading,2,1797
PortOfUnlading,3,1798
PortOfUnlading,4,1799
PortOfUnlading,5,1800
PortOfUnlading,6,1801
PortOfUnlading,7,1802
PortOfUnlading,8,1803
PortOfUnlading,9,1804
PortOfUnlading,10,1805
PortOfUnlading,11,1806
PortOfUnlading,12,1807
PortOfUnlading,13,1808
PortOfUnlading,14,1809
PortOfUnlading,15,1810
PortOfUnlading,16,1811
PortOfUnlading,17,1812
PortOfUnlading,18,1813
PortOfUnlading,19,1814
PortOfUnlading,20,1815
PortOfUnlading,21,1816
PortOfUnlading,22,1817
PortOfUnlading,23,1818
PortOfUnlading,24,1819
PortOfUnlading,25,1820
PortOfUnlading,26,1821
PortOfUnlading,27,1822
PortOfUnlading,28,1823
PortOfUnlading,29,1824
PortOfUnlading,30,1825
PortOfUnlading,31,1826
PortOfUnlading,32,1827
PortOfUnlading,33,1828
PortOfUnlading,34,1829
PortOfUnlading,35,1830
PortOfUnlading,36,1831
PortOfUnlading,37,1832
PortOfUnlading,38,1833
PortOfUnlading,39,1834
PortOfUnlading,40,1835
PortOfUnlading,41,1836
PortOfUnlading,42,1837
PortOfUnlading,43,1838
PortOfUnlading,44,1839
PortOfUnlading,45,1840
PortOfUnlading,46,1841
PortOfUnlading,47,1842
PortOfUnlading,48,1843
PortOfUnlading,49,1844
PortOfUnlading,50,1845
PortOfUnlading,51,1846
PortOfUnlading,52,1847
PortOfUnlading,53,1848
PortOfUnlading,54,1849
PortOfUnlading,55,1850
PortOfUnlading,56,1851
PortOfUnlading,57,1852
PortOfUnlading,58,1853
PortOfUnlading,59,1854
PortOfUnlading,60,1855
PortOfUnlading,61,1856
PortOfUnlading,62,1857
PortOfUnlading,63,1858
PortOfUnlading,64,1859
PortOfUnlading,65,1860
PortOfUnlading,66,1861
PortOfUnlading,67,1862
PortOfUnlading,68,1863
PortOfUnlading,69,1864
PortOfUnlading,70,1865
PortOfUnlading,71,1866
PortOfUnlading,72,1867
PortOfUnlading,73,1868
PortOfUnlading,74,1869
PortOfUnlading,75,1870
PortOfUnlading,76,1871
PortOfUnlading,77,1872
PortOfUnlading,78,1873
PortOfUnlading,79,1874
PortOfUnlading,80,1875
PortOfUnlading,81,1876
PortOfUnlading,82,1877
PortOfUnlading,83,1878
PortOfUnlading,84,1879
PortOfUnlading,85,1880
PortOfUnlading,86,1881
PortOfUnlading,87,1882
PortOfUnlading,88,1883
PortOfUnlading,89,1884
PortOfUnlading,90,1885
PortOfUnlading,91,1886
PortOfUnlading,92,1887
PortOfUnlading,93,1888
PortOfUnlading,94,1889
PortOfUnlading,95,1890
PortOfUnlading,96,1891
PortOfUnlading,97,1892
PortOfUnlading,98,1893
PortOfUnlading,99,1894
PortOfUnlading,100,1895
PortOfUnlading,101,1896
PortOfUnlading,102,1897
PortOfUnlading,103,1898
PortOfUnlading,104,1899
PortOfUnlading,105,1900
PortOfUnlading,106,1901
PortOfUnlading,107,1902
PortOfUnlading,108,1903
PortOfUnlading,109,1904
PortOfUnlading,110,1905
PortOfUnlading,111,1906
PortOfUnlading,112,1907
PortOfUnlading,113,1908
PortOfUnlading,114,1909
PortOfUnlading,115,1910
PortOfUnlading,116,1911
PortOfUnlading,117,1912
PortOfUnlading,118,1913
PortOfUnlading,119,1914
PortOfUnlading,120,1915
PortOfUnlading,121,1916
PortOfUnlading,122,1917
PortOfUnlading,123,1918
PortOfUnlading,124,1919
PortOfUnlading,125,1920
PortOfUnlading,126,1921
PortOfUnlading,127,1922
PortOfUnlading,128,1923
PortOfUnlading,129,1924
PortOfUnlading,130,1925
PortOfUnlading,131,1926
PortOfUnlading,132,1927
PortOfUnlading,133,1928
PortOfUnlading,134,1929
PortOfUnlading,135,1930
PortOfUnlading,136,1931
PortOfUnlading,137,1932
PortOfUnlading,138,1933
PortOfUnlading,139,1934
PortOfUnlading,140,1935
PortOfUnlading,141,1936
PortOfUnlading,142,1937
PortOfUnlading,143,1938
PortOfUnlading,144,1939
PortOfUnlading,145,1940
PortOfUnlading,146,1941
PortOfUnlading,147,1942
PortOfUnlading,148,1943
PortOfUnlading,149,1944
PortOfUnlading,150,1945
PortOfUnlading,151,1946
PortOfUnlading,152,1947
PortOfUnlading,153,1948
PortOfUnlading,154,1949
PortOfUnlading,155,1950
PortOfUnlading,156,1951
PortOfUnlading,157,1952
PortOfUnlading,158,1953
PortOfUnlading,159,1954
PortOfUnlading,160,1955
PortOfUnlading,161,1956
PortOfUnlading,162,1957
PortOfUnlading,163,1958
PortOfUnlading,164,1959
PortOfUnlading,165,1960
PortOfUnlading,166,1961
PortOfUnlading,167,1962
PortOfUnlading,168,1963
PortOfUnlading,169,1964
PortOfUnlading,170,1965
PortOfUnlading,171,1966
PortOfUnlading,172,1967
PortOfUnlading,173,1968
PortOfUnlading,174,1969
PortOfUnlading,175,1970
PortOfUnlading,176,1971
PortOfUnlading,177,1972
PortOfUnlading,178,1973
PortOfUnlading,179,1974
PortOfUnlading,180,1975
PortOfUnlading,181,1976
PortOfUnlading,182,1977
PortOfUnlading,183,1978
PortOfUnlading,184,1979
PortOfUnlading,185,1980
PortOfUnlading,186,1981
PortOfUnlading,187,1982
PortOfUnlading,188,1983
PortOfUnlading,189,1984
PortOfUnlading,190,1985
PortOfUnlading,191,1986
PortOfUnlading,192,1987
PortOfUnlading,193,1988
PortOfUnlading,194,1989
PortOfUnlading,195,1990
PortOfUnlading,196,1991
PortOfUnlading,197,1992
PortOfUnlading,198,1993
PortOfUnlading,199,1994
PortOfUnlading,200,1995
PortOfUnlading,201,1996
PortOfUnlading,202,1997
PortOfUnlading,203,1998
PortOfUnlading,204,1999
PortOfUnlading,205,2000
PortOfUnlading,206,2001
PortOfUnlading,207,2002
PortOfUnlading,208,2003
PortOfUnlading,209,2004
PortOfUnlading,210,2005
PortOfUnlading,211,2006
PortOfUnlading,212,2007
PortOfUnlading,213,2008
PortOfUnlading,214,2009
PortOfUnlading,215,2010
PortOfUnlading,216,2011
PortOfUnlading,217,2012
PortOfUnlading,218,2013
PortOfUnlading,219,2014
PortOfUnlading,220,2015
PortOfUnlading,221,2016
PortOfUnlading,222,2017
PortOfUnlading,223,2018
PortOfUnlading,224,2019
PortOfUnlading,225,2020
PortOfUnlading,226,2021
PortOfUnlading,227,2022
PortOfUnlading,228,2023
PortOfUnlading,229,2024
PortOfUnlading,230,2025
PortOfUnlading,231,2026
PortOfUnlading,232,2027
PortOfUnlading,233,2028
PortOfUnlading,234,2029
PortOfUnlading,235,2030
PortOfUnlading,236,2031
PortOfUnlading,237,2032
PortOfUnlading,238,2033
PortOfUnlading,239,2034
PortOfUnlading,240,2035
PortOfUnlading,241,2036
PortOfUnlading,242,2037
PortOfUnlading,243,2038
PortOfUnlading,244,2039
PortOfUnlading,245,2040
PortOfUnlading,246,2041
PortOfUnlading,247,2042
PortOfUnlading,248,2043
PortOfUnlading,249,2044
PortOfUnlading,250,2045
PortOfUnlading,251,2046
PortOfUnlading,252,2047
PortOfUnlading,253,2048
PortOfUnlading,254,2049
PortOfUnlading,255,2050
PortOfUnlading,256,2051
PortOfUnlading,257,2052
PortOfUnlading,258,2053
PortOfUnlading,259,2054
PortOfUnlading,260,2055
PortOfUnlading,261,2056
PortOfUnlading,262,2057
PortOfUnlading,263,2058
PortOfUnlading,264,2059
PortOfUnlading,265,2060
PortOfUnlading,266,2061
PortOfUnlading,267,2062
PortOfUnlading,268,2063
PortOfUnlading,269,2064
PortOfUnlading,270,2065
PortOfUnlading,271,2066
PortOfUnlading,272,2067
PortOfUnlading,273,2068
PortOfUnlading,274,2069
PortOfUnlading,275,2070
PortOfUnlading,276,2071
PortOfUnlading,277,2072
PortOfUnlading,278,2073
PortOfUnlading,279,2074
PortOfUnlading,280,2075
PortOfUnlading,281,2076
PortOfUnlading,282,2077
PortOfUnlading,283,2078
PortOfUnlading,284,2079
PortOfUnlading,285,2080
PortOfUnlading,286,2081
PortOfUnlading,287,2082
PortOfUnlading,288,2083
PortOfUnlading,289,2084
PortOfUnlading,290,2085
PortOfUnlading,291,2086
PortOfUnlading,292,2087
PortOfUnlading,293,2088
PortOfUnlading,294,2089
PortOfUnlading,295,2090
PortOfUnlading,296,2091
PortOfUnlading,297,2092
PortOfUnlading,298,2093
PortOfUnlading,299,2094
PortOfUnlading,300,2095
PortOfUnlading,301,2096
PortOfUnlading,302,2097
PortOfUnlading,303,2098
PortOfUnlading,304,2099
PortOfUnlading,305,2100
PortOfUnlading,306,2101
PortOfUnlading,307,2102
PortOfUnlading,308,2103
PortOfUnlading,309,2104
PortOfUnlading,310,2105
PortOfUnlading,311,2106
PortOfUnlading,312,2107
PortOfUnlading,313,2108
PortOfUnlading,314,2109
PortOfUnlading,315,2110
PortOfUnlading,316,2111
PortOfUnlading,317,2112
PortOfUnlading,318,2113
PortOfUnlading,319,2114
PortOfUnlading,320,2115
PortOfUnlading,321,2116
PortOfUnlading,322,2117
PortOfUnlading,323,2118
PortOfUnlading,324,2119
PortOfUnlading,325,2120
PortOfUnlading,326,2121
PortOfUnlading,327,2122
PortOfUnlading,328,2123
PortOfUnlading,329,2124
PortOfUnlading,330,2125
PortOfUnlading,331,2126
ShipmentDestination,0,2127
ShipmentDestination,1,2128
ShipmentDestination,2,2129
ShipmentDestination,3,2130
ShipmentDestination,4,2131
ShipmentDestination,5,2132
ShipmentDestination,6,2133
ShipmentDestination,7,2134
ShipmentDestination,8,2135
ShipmentDestination,9,2136
ShipmentDestination,10,2137
ShipmentDestination,11,2138
ShipmentDestination,12,2139
ShipmentDestination,13,2140
ShipmentDestination,14,2141
ShipmentDestination,15,2142
ShipmentDestination,16,2143
ShipmentDestination,17,2144
ShipmentDestination,18,2145
ShipmentDestination,19,2146
ShipmentDestination,20,2147
ShipmentDestination,21,2148
ShipmentDestination,22,2149
ShipmentDestination,23,2150
ShipmentDestination,24,2151
ShipmentDestination,25,2152
ShipmentDestination,26,2153
ShipmentDestination,27,2154
ShipmentDestination,28,2155
ShipmentDestination,29,2156
ShipmentDestination,30,2157
ShipmentDestination,31,2158
ShipmentDestination,32,2159
ShipmentDestination,33,2160
ShipmentDestination,34,2161
ShipmentDestination,35,2162
ShipmentDestination,36,2163
ShipmentDestination,37,2164
ShipmentDestination,38,2165
ShipmentDestination,39,2166
ShipmentDestination,40,2167
ShipmentDestination,41,2168
ShipmentDestination,42,2169
ShipmentDestination,43,2170
ShipmentDestination,44,2171
ShipmentDestination,45,2172
ShipmentDestination,46,2173
ShipmentDestination,47,2174
ShipmentDestination,48,2175
ShipmentDestination,49,2176
ShipmentDestination,50,2177
ShipmentDestination,51,2178
ShipmentDestination,52,2179
ShipmentDestination,53,2180
ShipmentDestination,54,2181
ShipmentDestination,55,2182
ShipmentDestination,56,2183
ShipmentDestination,57,2184
ShipmentDestination,58,2185
ShipmentDestination,59,2186
ShipmentDestination,60,2187
ShipmentDestination,61,2188
ShipmentDestination,62,2189
ShipmentDestination,63,2190
ShipmentDestination,64,2191
ShipmentDestination,65,2192
ShipmentDestination,66,2193
ShipmentDestination,67,2194
ShipmentDestination,68,2195
ShipmentDestination,69,2196
ShipmentDestination,70,2197
ShipmentDestination,71,2198
ShipmentDestination,72,2199
ShipmentDestination,73,2200
ShipmentDestination,74,2201
ShipmentDestination,75,2202
ShipmentDestination,76,2203
ShipmentDestination,77,2204
ShipmentDestination,78,2205
ShipmentDestination,79,2206
ShipmentDestination,80,2207
ShipmentDestination,81,2208
ShipmentDestination,82,2209
ShipmentDestination,83,2210
ShipmentDestination,84,2211
ShipmentDestination,85,2212
ShipmentDestination,86,2213
ShipmentDestination,87,2214
ShipmentDestination,88,2215
ShipmentDestination,89,2216
ShipmentDestination,90,2217
ShipmentDestination,91,2218
ShipmentDestination,92,2219
ShipmentDestination,93,2220
ShipmentDestination,94,2221
ShipmentDestination,95,2222
ShipmentDestination,96,2223
ShipmentDestination,97,2224
ShipmentDestination,98,2225
ShipmentDestination,99,2226
ShipmentDestination,100,2227
ShipmentDestination,101,2228
ShipmentDestination,102,2229
ShipmentDestination,103,2230
ShipmentDestination,104,2231
ShipmentDestination,105,2232
ShipmentDestination,106,2233
ShipmentDestination,107,2234
ShipmentDestination,108,2235
ShipmentDestination,109,2236
ShipmentDestination,110,2237
ShipmentDestination,111,2238
ShipmentDestination,112,2239
ShipmentDestination,113,2240
ShipmentDestination,114,2241
ShipmentDestination,115,2242
ShipmentDestination,116,2243
ShipmentDestination,117,2244
ShipmentDestination,118,2245
ShipmentDestination,119,2246
ShipmentDestination,120,2247
ShipmentDestination,121,2248
ShipmentDestination,122,2249
ShipmentDestination,123,2250
ShipmentDestination,124,2251
ShipmentDestination,125,2252
ShipmentDestination,126,2253
ShipmentDestination,127,2254
ShipmentDestination,128,2255
ShipmentDestination,129,2256
ShipmentDestination,130,2257
ShipmentDestination,131,2258
ShipmentDestination,132,2259
ShipmentDestination,133,2260
ShipmentDestination,134,2261
ShipmentDestination,135,2262
ShipmentDestination,136,2263
ShipmentDestination,137,2264
ShipmentDestination,138,2265
ShipmentDestination,139,2266
ShipmentDestination,140,2267
ShipmentDestination,141,2268
ShipmentDestination,142,2269
ShipmentDestination,143,2270
ShipmentDestination,144,2271
ShipmentDestination,145,2272
ShipmentDestination,146,2273
ShipmentDestination,147,2274
ShipmentDestination,148,2275
ShipmentDestination,149,2276
ShipmentDestination,150,2277
ShipmentDestination,151,2278
ShipmentDestination,152,2279
ShipmentDestination,153,2280
ShipmentDestination,154,2281
ShipmentDestination,155,2282
ShipmentDestination,156,2283
ShipmentDestination,157,2284
ShipmentDestination,158,2285
ShipmentDestination,159,2286
ShipmentDestination,160,2287
ShipmentDestination,161,2288
ShipmentDestination,162,2289
ShipmentDestination,163,2290
ShipmentDestination,164,2291
ShipmentDestination,165,2292
ShipmentDestination,166,2293
ShipmentDestination,167,2294
ShipmentDestination,168,2295
ShipmentDestination,169,2296
ShipmentDestination,170,2297
ShipmentDestination,171,2298
ShipmentDestination,172,2299
ShipmentDestination,173,2300
ShipmentDestination,174,2301
ShipmentDestination,175,2302
ShipmentDestination,176,2303
ShipmentDestination,177,2304
ShipmentDestination,178,2305
ShipmentDestination,179,2306
ShipmentDestination,180,2307
ShipmentDestination,181,2308
ShipmentDestination,182,2309
ShipmentDestination,183,2310
ShipmentDestination,184,2311
ShipmentDestination,185,2312
ShipmentDestination,186,2313
ShipmentDestination,187,2314
ShipmentDestination,188,2315
ShipmentDestination,189,2316
ShipmentDestination,190,2317
ShipmentDestination,191,2318
ShipmentDestination,192,2319
ShipmentDestination,193,2320
ShipmentDestination,194,2321
ShipmentDestination,195,2322
ShipmentDestination,196,2323
ShipmentDestination,197,2324
ShipmentDestination,198,2325
ShipmentDestination,199,2326
ShipmentDestination,200,2327
ShipmentDestination,201,2328
ShipmentDestination,202,2329
ShipmentDestination,203,2330
ShipmentDestination,204,2331
ShipmentDestination,205,2332
ShipmentDestination,206,2333
ShipmentDestination,207,2334
ShipmentDestination,208,2335
ShipmentDestination,209,2336
ShipmentDestination,210,2337
ShipmentDestination,211,2338
ShipmentDestination,212,2339
ShipmentDestination,213,2340
ShipmentDestination,214,2341
ShipmentDestination,215,2342
ShipmentDestination,216,2343
ShipmentDestination,217,2344
ShipmentDestination,218,2345
ShipmentDestination,219,2346
ShipmentDestination,220,2347
ShipmentDestination,221,2348
ShipmentDestination,222,2349
ShipmentDestination,223,2350
ShipmentDestination,224,2351
ShipmentDestination,225,2352
ShipmentDestination,226,2353
ShipmentDestination,227,2354
ShipmentDestination,228,2355
ShipmentDestination,229,2356
ShipmentDestination,230,2357
ShipmentDestination,231,2358
ShipmentDestination,232,2359
ShipmentDestination,233,2360
ShipmentDestination,234,2361
ShipmentDestination,235,2362
ShipmentDestination,236,2363
ShipmentDestination,237,2364
ShipmentDestination,238,2365
ShipmentDestination,239,2366
ShipmentDestination,240,2367
ShipmentDestination,241,2368
ShipmentDestination,242,2369
ShipmentDestination,243,2370
ShipmentDestination,244,2371
ShipmentDestination,245,2372
ShipmentDestination,246,2373
ShipmentDestination,247,2374
ShipmentDestination,248,2375
ShipmentDestination,249,2376
ShipmentDestination,250,2377
ShipmentDestination,251,2378
ShipmentDestination,252,2379
ShipmentDestination,253,2380
ShipmentDestination,254,2381
ShipmentDestination,255,2382
ShipmentDestination,256,2383
ShipmentDestination,257,2384
ShipmentDestination,258,2385
ShipmentDestination,259,2386
ShipmentDestination,260,2387
ShipmentDestination,261,2388
ShipmentDestination,262,2389
ShipmentDestination,263,2390
ShipmentDestination,264,2391
ShipmentDestination,265,2392
ShipmentDestination,266,2393
ShipmentDestination,267,2394
ShipmentDestination,268,2395
ShipmentDestination,269,2396
ShipmentDestination,270,2397
ShipmentDestination,271,2398
ShipmentDestination,272,2399
ShipmentDestination,273,2400
ShipmentDestination,274,2401
ShipmentDestination,275,2402
ShipmentDestination,276,2403
ShipmentDestination,277,2404
ShipmentDestination,278,2405
ShipmentDestination,279,2406
ShipmentDestination,280,2407
ShipmentDestination,281,2408
ShipmentDestination,282,2409
ShipmentDestination,283,2410
ShipmentDestination,284,2411
ShipmentDestination,285,2412
ShipmentDestination,286,2413
ShipmentDestination,287,2414
ShipmentDestination,288,2415
ShipmentDestination,289,2416
ShipmentDestination,290,2417
ShipmentDestination,291,2418
ShipmentDestination,292,2419
ShipmentDestination,293,2420
ShipmentDestination,294,2421
ShipmentDestination,295,2422
ShipmentDestination,296,2423
ShipmentDestination,297,2424
ShipmentDestination,298,2425
ShipmentDestination,299,2426
ShipmentDestination,300,2427
ShipmentDestination,301,2428
ShipmentDestination,302,2429
ShipmentDestination,303,2430
ShipmentDestination,304,2431
ShipmentDestination,305,2432
ShipmentDestination,306,2433
ShipmentDestination,307,2434
ShipmentDestination,308,2435
ShipmentDestination,309,2436
ShipmentDestination,310,2437
ShipmentDestination,311,2438
ShipmentDestination,312,2439
ShipmentDestination,313,2440
ShipmentDestination,314,2441
ShipmentDestination,315,2442
ShipmentDestination,316,2443
ShipmentDestination,317,2444
ShipmentDestination,318,2445
ShipmentDestination,319,2446
ShipmentDestination,320,2447
ShipmentDestination,321,2448
ShipmentDestination,322,2449
ShipmentDestination,323,2450
ShipmentDestination,324,2451
ShipmentDestination,325,2452
ShipmentDestination,326,2453
ShipmentDestination,327,2454
ShipmentDestination,328,2455
ShipmentDestination,329,2456
ShipmentDestination,330,2457
ShipmentDestination,331,2458
ShipmentDestination,332,2459
ShipmentDestination,333,2460
ShipmentDestination,334,2461
ShipmentDestination,335,2462
ShipmentDestination,336,2463
ShipmentDestination,337,2464
ShipmentDestination,338,2465
ShipmentDestination,339,2466
ShipmentDestination,340,2467
ShipmentDestination,341,2468
ShipmentDestination,342,2469
ShipmentDestination,343,2470
ShipmentDestination,344,2471
ShipmentDestination,345,2472
ShipmentDestination,346,2473
ShipmentDestination,347,2474
ShipmentDestination,348,2475
ShipmentDestination,349,2476
ShipmentDestination,350,2477
ShipmentDestination,351,2478
ShipmentDestination,352,2479
ShipmentDestination,353,2480
ShipmentOrigin,0,2481
ShipmentOrigin,1,2482
ShipmentOrigin,2,2483
ShipmentOrigin,3,2484
ShipmentOrigin,4,2485
ShipmentOrigin,5,2486
ShipmentOrigin,6,2487
ShipmentOrigin,7,2488
ShipmentOrigin,8,2489
ShipmentOrigin,9,2490
ShipmentOrigin,10,2491
ShipmentOrigin,11,2492
ShipmentOrigin,12,2493
ShipmentOrigin,13,2494
ShipmentOrigin,14,2495
ShipmentOrigin,15,2496
ShipmentOrigin,16,2497
ShipmentOrigin,17,2498
ShipmentOrigin,18,2499
ShipmentOrigin,19,2500
ShipmentOrigin,20,2501
ShipmentOrigin,21,2502
ShipmentOrigin,22,2503
ShipmentOrigin,23,2504
ShipmentOrigin,24,2505
ShipmentOrigin,25,2506
ShipmentOrigin,26,2507
ShipmentOrigin,27,2508
ShipmentOrigin,28,2509
ShipmentOrigin,29,2510
ShipmentOrigin,30,2511
ShipmentOrigin,31,2512
ShipmentOrigin,32,2513
ShipmentOrigin,33,2514
ShipmentOrigin,34,2515
ShipmentOrigin,35,2516
ShipmentOrigin,36,2517
ShipmentOrigin,37,2518
ShipmentOrigin,38,2519
ShipmentOrigin,39,2520
ShipmentOrigin,40,2521
ShipmentOrigin,41,2522
ShipmentOrigin,42,2523
ShipmentOrigin,43,2524
ShipmentOrigin,44,2525
ShipmentOrigin,45,2526
ShipmentOrigin,46,2527
ShipmentOrigin,47,2528
ShipmentOrigin,48,2529
ShipmentOrigin,49,2530
ShipmentOrigin,50,2531
ShipmentOrigin,51,2532
ShipmentOrigin,52,2533
ShipmentOrigin,53,2534
ShipmentOrigin,54,2535
ShipmentOrigin,55,2536
ShipmentOrigin,56,2537
ShipmentOrigin,57,2538
ShipmentOrigin,58,2539
ShipmentOrigin,59,2540
ShipmentOrigin,60,2541
ShipmentOrigin,61,2542
ShipmentOrigin,62,2543
ShipmentOrigin,63,2544
ShipperPanjivaID,0,2545
ShipperPanjivaID,1,2546
ShipperPanjivaID,2,2547
ShipperPanjivaID,3,2548
ShipperPanjivaID,4,2549
ShipperPanjivaID,5,2550
ShipperPanjivaID,6,2551
ShipperPanjivaID,7,2552
ShipperPanjivaID,8,2553
ShipperPanjivaID,9,2554
ShipperPanjivaID,10,2555
ShipperPanjivaID,11,2556
ShipperPanjivaID,12,2557
ShipperPanjivaID,13,2558
ShipperPanjivaID,14,2559
ShipperPanjivaID,15,2560
ShipperPanjivaID,16,2561
ShipperPanjivaID,17,2562
ShipperPanjivaID,18,2563
ShipperPanjivaID,19,2564
ShipperPanjivaID,20,2565
ShipperPanjivaID,21,2566
ShipperPanjivaID,22,2567
ShipperPanjivaID,23,2568
ShipperPanjivaID,24,2569
ShipperPanjivaID,25,2570
ShipperPanjivaID,26,2571
ShipperPanjivaID,27,2572
ShipperPanjivaID,28,2573
ShipperPanjivaID,29,2574
ShipperPanjivaID,30,2575
ShipperPanjivaID,31,2576
ShipperPanjivaID,32,2577
ShipperPanjivaID,33,2578
ShipperPanjivaID,34,2579
ShipperPanjivaID,35,2580
ShipperPanjivaID,36,2581
ShipperPanjivaID,37,2582
ShipperPanjivaID,38,2583
ShipperPanjivaID,39,2584
ShipperPanjivaID,40,2585
ShipperPanjivaID,41,2586
ShipperPanjivaID,42,2587
ShipperPanjivaID,43,2588
ShipperPanjivaID,44,2589
ShipperPanjivaID,45,2590
ShipperPanjivaID,46,2591
ShipperPanjivaID,47,2592
ShipperPanjivaID,48,2593
ShipperPanjivaID,49,2594
ShipperPanjivaID,50,2595
ShipperPanjivaID,51,2596
ShipperPanjivaID,52,2597
ShipperPanjivaID,53,2598
ShipperPanjivaID,54,2599
ShipperPanjivaID,55,2600
ShipperPanjivaID,56,2601
ShipperPanjivaID,57,2602
ShipperPanjivaID,58,2603
ShipperPanjivaID,59,2604
ShipperPanjivaID,60,2605
ShipperPanjivaID,61,2606
ShipperPanjivaID,62,2607
ShipperPanjivaID,63,2608
ShipperPanjivaID,64,2609
ShipperPanjivaID,65,2610
ShipperPanjivaID,66,2611
ShipperPanjivaID,67,2612
ShipperPanjivaID,68,2613
ShipperPanjivaID,69,2614
ShipperPanjivaID,70,2615
ShipperPanjivaID,71,2616
ShipperPanjivaID,72,2617
ShipperPanjivaID,73,2618
ShipperPanjivaID,74,2619
ShipperPanjivaID,75,2620
ShipperPanjivaID,76,2621
ShipperPanjivaID,77,2622
ShipperPanjivaID,78,2623
ShipperPanjivaID,79,2624
ShipperPanjivaID,80,2625
ShipperPanjivaID,81,2626
ShipperPanjivaID,82,2627
ShipperPanjivaID,83,2628
ShipperPanjivaID,84,2629
ShipperPanjivaID,85,2630
ShipperPanjivaID,86,2631
ShipperPanjivaID,87,2632
ShipperPanjivaID,88,2633
ShipperPanjivaID,89,2634
ShipperPanjivaID,90,2635
ShipperPanjivaID,91,2636
ShipperPanjivaID,92,2637
ShipperPanjivaID,93,2638
ShipperPanjivaID,94,2639
ShipperPanjivaID,95,2640
ShipperPanjivaID,96,2641
ShipperPanjivaID,97,2642
ShipperPanjivaID,98,2643
ShipperPanjivaID,99,2644
ShipperPanjivaID,100,2645
ShipperPanjivaID,101,2646
ShipperPanjivaID,102,2647
ShipperPanjivaID,103,2648
ShipperPanjivaID,104,2649
ShipperPanjivaID,105,2650
ShipperPanjivaID,106,2651
ShipperPanjivaID,107,2652
ShipperPanjivaID,108,2653
ShipperPanjivaID,109,2654
ShipperPanjivaID,110,2655
ShipperPanjivaID,111,2656
ShipperPanjivaID,112,2657
ShipperPanjivaID,113,2658
ShipperPanjivaID,114,2659
ShipperPanjivaID,115,2660
ShipperPanjivaID,116,2661
ShipperPanjivaID,117,2662
ShipperPanjivaID,118,2663
ShipperPanjivaID,119,2664
ShipperPanjivaID,120,2665
ShipperPanjivaID,121,2666
ShipperPanjivaID,122,2667
ShipperPanjivaID,123,2668
ShipperPanjivaID,124,2669
ShipperPanjivaID,125,2670
ShipperPanjivaID,126,2671
ShipperPanjivaID,127,2672
ShipperPanjivaID,128,2673
ShipperPanjivaID,129,2674
ShipperPanjivaID,130,2675
ShipperPanjivaID,131,2676
ShipperPanjivaID,132,2677
ShipperPanjivaID,133,2678
ShipperPanjivaID,134,2679
ShipperPanjivaID,135,2680
ShipperPanjivaID,136,2681
ShipperPanjivaID,137,2682
ShipperPanjivaID,138,2683
ShipperPanjivaID,139,2684
ShipperPanjivaID,140,2685
ShipperPanjivaID,141,2686
ShipperPanjivaID,142,2687
ShipperPanjivaID,143,2688
ShipperPanjivaID,144,2689
ShipperPanjivaID,145,2690
ShipperPanjivaID,146,2691
ShipperPanjivaID,147,2692
ShipperPanjivaID,148,2693
ShipperPanjivaID,149,2694
ShipperPanjivaID,150,2695
ShipperPanjivaID,151,2696
ShipperPanjivaID,152,2697
ShipperPanjivaID,153,2698
ShipperPanjivaID,154,2699
ShipperPanjivaID,155,2700
ShipperPanjivaID,156,2701
ShipperPanjivaID,157,2702
ShipperPanjivaID,158,2703
ShipperPanjivaID,159,2704
ShipperPanjivaID,160,2705
ShipperPanjivaID,161,2706
ShipperPanjivaID,162,2707
ShipperPanjivaID,163,2708
ShipperPanjivaID,164,2709
ShipperPanjivaID,165,2710
ShipperPanjivaID,166,2711
ShipperPanjivaID,167,2712
ShipperPanjivaID,168,2713
ShipperPanjivaID,169,2714
ShipperPanjivaID,170,2715
ShipperPanjivaID,171,2716
ShipperPanjivaID,172,2717
ShipperPanjivaID,173,2718
ShipperPanjivaID,174,2719
ShipperPanjivaID,175,2720
ShipperPanjivaID,176,2721
ShipperPanjivaID,177,2722
ShipperPanjivaID,178,2723
ShipperPanjivaID,179,2724
ShipperPanjivaID,180,2725
ShipperPanjivaID,181,2726
ShipperPanjivaID,182,2727
ShipperPanjivaID,183,2728
ShipperPanjivaID,184,2729
ShipperPanjivaID,185,2730
ShipperPanjivaID,186,2731
ShipperPanjivaID,187,2732
ShipperPanjivaID,188,2733
ShipperPanjivaID,189,2734
ShipperPanjivaID,190,2735
ShipperPanjivaID,191,2736
ShipperPanjivaID,192,2737
ShipperPanjivaID,193,2738
ShipperPanjivaID,194,2739
ShipperPanjivaID,195,2740
ShipperPanjivaID,196,2741
ShipperPanjivaID,197,2742
ShipperPanjivaID,198,2743
ShipperPanjivaID,199,2744
ShipperPanjivaID,200,2745
ShipperPanjivaID,201,2746
ShipperPanjivaID,202,2747
ShipperPanjivaID,203,2748
ShipperPanjivaID,204,2749
ShipperPanjivaID,205,2750
ShipperPanjivaID,206,2751
ShipperPanjivaID,207,2752
ShipperPanjivaID,208,2753
ShipperPanjivaID,209,2754
ShipperPanjivaID,210,2755
ShipperPanjivaID,211,2756
ShipperPanjivaID,212,2757
ShipperPanjivaID,213,2758
ShipperPanjivaID,214,2759
ShipperPanjivaID,215,2760
ShipperPanjivaID,216,2761
ShipperPanjivaID,217,2762
ShipperPanjivaID,218,2763
ShipperPanjivaID,219,2764
ShipperPanjivaID,220,2765
ShipperPanjivaID,221,2766
ShipperPanjivaID,222,2767
ShipperPanjivaID,223,2768
ShipperPanjivaID,224,2769
ShipperPanjivaID,225,2770
ShipperPanjivaID,226,2771
ShipperPanjivaID,227,2772
ShipperPanjivaID,228,2773
ShipperPanjivaID,229,2774
ShipperPanjivaID,230,2775
ShipperPanjivaID,231,2776
ShipperPanjivaID,232,2777
ShipperPanjivaID,233,2778
ShipperPanjivaID,234,2779
ShipperPanjivaID,235,2780
ShipperPanjivaID,236,2781
ShipperPanjivaID,237,2782
ShipperPanjivaID,238,2783
ShipperPanjivaID,239,2784
ShipperPanjivaID,240,2785
ShipperPanjivaID,241,2786
ShipperPanjivaID,242,2787
ShipperPanjivaID,243,2788
ShipperPanjivaID,244,2789
ShipperPanjivaID,245,2790
ShipperPanjivaID,246,2791
ShipperPanjivaID,247,2792
ShipperPanjivaID,248,2793
ShipperPanjivaID,249,2794
ShipperPanjivaID,250,2795
ShipperPanjivaID,251,2796
ShipperPanjivaID,252,2797
ShipperPanjivaID,253,2798
ShipperPanjivaID,254,2799
ShipperPanjivaID,255,2800
ShipperPanjivaID,256,2801
ShipperPanjivaID,257,2802
ShipperPanjivaID,258,2803
ShipperPanjivaID,259,2804
ShipperPanjivaID,260,2805
ShipperPanjivaID,261,2806
ShipperPanjivaID,262,2807
ShipperPanjivaID,263,2808
ShipperPanjivaID,264,2809
ShipperPanjivaID,265,2810
ShipperPanjivaID,266,2811
ShipperPanjivaID,267,2812
ShipperPanjivaID,268,2813
ShipperPanjivaID,269,2814
ShipperPanjivaID,270,2815
ShipperPanjivaID,271,2816
ShipperPanjivaID,272,2817
ShipperPanjivaID,273,2818
ShipperPanjivaID,274,2819
ShipperPanjivaID,275,2820
ShipperPanjivaID,276,2821
ShipperPanjivaID,277,2822
ShipperPanjivaID,278,2823
ShipperPanjivaID,279,2824
ShipperPanjivaID,280,2825
ShipperPanjivaID,281,2826
ShipperPanjivaID,282,2827
ShipperPanjivaID,283,2828
ShipperPanjivaID,284,2829
ShipperPanjivaID,285,2830
ShipperPanjivaID,286,2831
ShipperPanjivaID,287,2832
ShipperPanjivaID,288,2833
ShipperPanjivaID,289,2834
ShipperPanjivaID,290,2835
ShipperPanjivaID,291,2836
ShipperPanjivaID,292,2837
ShipperPanjivaID,293,2838
ShipperPanjivaID,294,2839
ShipperPanjivaID,295,2840
ShipperPanjivaID,296,2841
ShipperPanjivaID,297,2842
ShipperPanjivaID,298,2843
ShipperPanjivaID,299,2844
ShipperPanjivaID,300,2845
ShipperPanjivaID,301,2846
ShipperPanjivaID,302,2847
ShipperPanjivaID,303,2848
ShipperPanjivaID,304,2849
ShipperPanjivaID,305,2850
ShipperPanjivaID,306,2851
ShipperPanjivaID,307,2852
ShipperPanjivaID,308,2853
ShipperPanjivaID,309,2854
ShipperPanjivaID,310,2855
ShipperPanjivaID,311,2856
ShipperPanjivaID,312,2857
ShipperPanjivaID,313,2858
ShipperPanjivaID,314,2859
ShipperPanjivaID,315,2860
ShipperPanjivaID,316,2861
ShipperPanjivaID,317,2862
ShipperPanjivaID,318,2863
ShipperPanjivaID,319,2864
ShipperPanjivaID,320,2865
ShipperPanjivaID,321,2866
ShipperPanjivaID,322,2867
ShipperPanjivaID,323,2868
ShipperPanjivaID,324,2869
ShipperPanjivaID,325,2870
ShipperPanjivaID,326,2871
ShipperPanjivaID,327,2872
ShipperPanjivaID,328,2873
ShipperPanjivaID,329,2874
ShipperPanjivaID,330,2875
ShipperPanjivaID,331,2876
ShipperPanjivaID,332,2877
ShipperPanjivaID,333,2878
ShipperPanjivaID,334,2879
ShipperPanjivaID,335,2880
ShipperPanjivaID,336,2881
ShipperPanjivaID,337,2882
ShipperPanjivaID,338,2883
ShipperPanjivaID,339,2884
ShipperPanjivaID,340,2885
ShipperPanjivaID,341,2886
ShipperPanjivaID,342,2887
ShipperPanjivaID,343,2888
ShipperPanjivaID,344,2889
ShipperPanjivaID,345,2890
ShipperPanjivaID,346,2891
ShipperPanjivaID,347,2892
ShipperPanjivaID,348,2893
ShipperPanjivaID,349,2894
ShipperPanjivaID,350,2895
ShipperPanjivaID,351,2896
ShipperPanjivaID,352,2897
ShipperPanjivaID,353,2898
ShipperPanjivaID,354,2899
ShipperPanjivaID,355,2900
ShipperPanjivaID,356,2901
ShipperPanjivaID,357,2902
ShipperPanjivaID,358,2903
ShipperPanjivaID,359,2904
ShipperPanjivaID,360,2905
ShipperPanjivaID,361,2906
ShipperPanjivaID,362,2907
ShipperPanjivaID,363,2908
ShipperPanjivaID,364,2909
ShipperPanjivaID,365,2910
ShipperPanjivaID,366,2911
ShipperPanjivaID,367,2912
ShipperPanjivaID,368,2913
ShipperPanjivaID,369,2914
ShipperPanjivaID,370,2915
ShipperPanjivaID,371,2916
ShipperPanjivaID,372,2917
ShipperPanjivaID,373,2918
ShipperPanjivaID,374,2919
ShipperPanjivaID,375,2920
ShipperPanjivaID,376,2921
ShipperPanjivaID,377,2922
ShipperPanjivaID,378,2923
ShipperPanjivaID,379,2924
ShipperPanjivaID,380,2925
ShipperPanjivaID,381,2926
ShipperPanjivaID,382,2927
ShipperPanjivaID,383,2928
ShipperPanjivaID,384,2929
ShipperPanjivaID,385,2930
ShipperPanjivaID,386,2931
ShipperPanjivaID,387,2932
ShipperPanjivaID,388,2933
ShipperPanjivaID,389,2934
ShipperPanjivaID,390,2935
ShipperPanjivaID,391,2936
ShipperPanjivaID,392,2937
ShipperPanjivaID,393,2938
ShipperPanjivaID,394,2939
ShipperPanjivaID,395,2940
ShipperPanjivaID,396,2941
ShipperPanjivaID,397,2942
ShipperPanjivaID,398,2943
ShipperPanjivaID,399,2944
ShipperPanjivaID,400,2945
ShipperPanjivaID,401,2946
ShipperPanjivaID,402,2947
ShipperPanjivaID,403,2948
ShipperPanjivaID,404,2949
ShipperPanjivaID,405,2950
ShipperPanjivaID,406,2951
ShipperPanjivaID,407,2952
ShipperPanjivaID,408,2953
ShipperPanjivaID,409,2954
ShipperPanjivaID,410,2955
ShipperPanjivaID,411,2956
ShipperPanjivaID,412,2957
ShipperPanjivaID,413,2958
ShipperPanjivaID,414,2959
ShipperPanjivaID,415,2960
ShipperPanjivaID,416,2961
ShipperPanjivaID,417,2962
ShipperPanjivaID,418,2963
ShipperPanjivaID,419,2964
ShipperPanjivaID,420,2965
ShipperPanjivaID,421,2966
ShipperPanjivaID,422,2967
ShipperPanjivaID,423,2968
ShipperPanjivaID,424,2969
ShipperPanjivaID,425,2970
ShipperPanjivaID,426,2971
ShipperPanjivaID,427,2972
ShipperPanjivaID,428,2973
ShipperPanjivaID,429,2974
ShipperPanjivaID,430,2975
ShipperPanjivaID,431,2976
ShipperPanjivaID,432,2977
ShipperPanjivaID,433,2978
ShipperPanjivaID,434,2979
ShipperPanjivaID,435,2980
ShipperPanjivaID,436,2981
ShipperPanjivaID,437,2982
ShipperPanjivaID,438,2983
ShipperPanjivaID,439,2984
ShipperPanjivaID,440,2985
ShipperPanjivaID,441,2986
ShipperPanjivaID,442,2987
ShipperPanjivaID,443,2988
ShipperPanjivaID,444,2989
ShipperPanjivaID,445,2990
ShipperPanjivaID,446,2991
ShipperPanjivaID,447,2992
ShipperPanjivaID,448,2993
ShipperPanjivaID,449,2994
ShipperPanjivaID,450,2995
ShipperPanjivaID,451,2996
ShipperPanjivaID,452,2997
ShipperPanjivaID,453,2998
ShipperPanjivaID,454,2999
ShipperPanjivaID,455,3000
ShipperPanjivaID,456,3001
ShipperPanjivaID,457,3002
ShipperPanjivaID,458,3003
ShipperPanjivaID,459,3004
ShipperPanjivaID,460,3005
ShipperPanjivaID,461,3006
ShipperPanjivaID,462,3007
ShipperPanjivaID,463,3008
ShipperPanjivaID,464,3009
ShipperPanjivaID,465,3010
ShipperPanjivaID,466,3011
ShipperPanjivaID,467,3012
ShipperPanjivaID,468,3013
ShipperPanjivaID,469,3014
ShipperPanjivaID,470,3015
ShipperPanjivaID,471,3016
ShipperPanjivaID,472,3017
ShipperPanjivaID,473,3018
ShipperPanjivaID,474,3019
ShipperPanjivaID,475,3020
ShipperPanjivaID,476,3021
ShipperPanjivaID,477,3022
ShipperPanjivaID,478,3023
ShipperPanjivaID,479,3024
ShipperPanjivaID,480,3025
ShipperPanjivaID,481,3026
ShipperPanjivaID,482,3027
ShipperPanjivaID,483,3028
ShipperPanjivaID,484,3029
ShipperPanjivaID,485,3030
ShipperPanjivaID,486,3031
ShipperPanjivaID,487,3032
ShipperPanjivaID,488,3033
ShipperPanjivaID,489,3034
ShipperPanjivaID,490,3035
ShipperPanjivaID,491,3036
ShipperPanjivaID,492,3037
ShipperPanjivaID,493,3038
ShipperPanjivaID,494,3039
ShipperPanjivaID,495,3040
ShipperPanjivaID,496,3041
ShipperPanjivaID,497,3042
ShipperPanjivaID,498,3043
ShipperPanjivaID,499,3044
ShipperPanjivaID,500,3045
ShipperPanjivaID,501,3046
ShipperPanjivaID,502,3047
ShipperPanjivaID,503,3048
ShipperPanjivaID,504,3049
ShipperPanjivaID,505,3050
ShipperPanjivaID,506,3051
ShipperPanjivaID,507,3052
ShipperPanjivaID,508,3053
ShipperPanjivaID,509,3054
ShipperPanjivaID,510,3055
ShipperPanjivaID,511,3056
ShipperPanjivaID,512,3057
ShipperPanjivaID,513,3058
ShipperPanjivaID,514,3059
ShipperPanjivaID,515,3060
ShipperPanjivaID,516,3061
ShipperPanjivaID,517,3062
ShipperPanjivaID,518,3063
ShipperPanjivaID,519,3064
ShipperPanjivaID,520,3065
ShipperPanjivaID,521,3066
ShipperPanjivaID,522,3067
ShipperPanjivaID,523,3068
ShipperPanjivaID,524,3069
ShipperPanjivaID,525,3070
ShipperPanjivaID,526,3071
ShipperPanjivaID,527,3072
ShipperPanjivaID,528,3073
ShipperPanjivaID,529,3074
ShipperPanjivaID,530,3075
ShipperPanjivaID,531,3076
ShipperPanjivaID,532,3077
ShipperPanjivaID,533,3078
ShipperPanjivaID,534,3079
ShipperPanjivaID,535,3080
ShipperPanjivaID,536,3081
ShipperPanjivaID,537,3082
ShipperPanjivaID,538,3083
ShipperPanjivaID,539,3084
ShipperPanjivaID,540,3085
ShipperPanjivaID,541,3086
ShipperPanjivaID,542,3087
ShipperPanjivaID,543,3088
ShipperPanjivaID,544,3089
ShipperPanjivaID,545,3090
ShipperPanjivaID,546,3091
ShipperPanjivaID,547,3092
ShipperPanjivaID,548,3093
ShipperPanjivaID,549,3094
ShipperPanjivaID,550,3095
ShipperPanjivaID,551,3096
ShipperPanjivaID,552,3097
ShipperPanjivaID,553,3098
ShipperPanjivaID,554,3099
ShipperPanjivaID,555,3100
ShipperPanjivaID,556,3101
ShipperPanjivaID,557,3102
ShipperPanjivaID,558,3103
ShipperPanjivaID,559,3104
ShipperPanjivaID,560,3105
ShipperPanjivaID,561,3106
ShipperPanjivaID,562,3107
ShipperPanjivaID,563,3108
ShipperPanjivaID,564,3109
ShipperPanjivaID,565,3110
ShipperPanjivaID,566,3111
ShipperPanjivaID,567,3112
ShipperPanjivaID,568,3113
ShipperPanjivaID,569,3114
ShipperPanjivaID,570,3115
ShipperPanjivaID,571,3116
ShipperPanjivaID,572,3117
ShipperPanjivaID,573,3118
ShipperPanjivaID,574,3119
ShipperPanjivaID,575,3120
ShipperPanjivaID,576,3121
ShipperPanjivaID,577,3122
ShipperPanjivaID,578,3123
ShipperPanjivaID,579,3124
ShipperPanjivaID,580,3125
ShipperPanjivaID,581,3126
ShipperPanjivaID,582,3127
ShipperPanjivaID,583,3128
ShipperPanjivaID,584,3129
ShipperPanjivaID,585,3130
ShipperPanjivaID,586,3131
ShipperPanjivaID,587,3132
ShipperPanjivaID,588,3133
ShipperPanjivaID,589,3134
ShipperPanjivaID,590,3135
ShipperPanjivaID,591,3136
ShipperPanjivaID,592,3137
ShipperPanjivaID,593,3138
ShipperPanjivaID,594,3139
ShipperPanjivaID,595,3140
ShipperPanjivaID,596,3141
ShipperPanjivaID,597,3142
ShipperPanjivaID,598,3143
ShipperPanjivaID,599,3144
ShipperPanjivaID,600,3145
ShipperPanjivaID,601,3146
ShipperPanjivaID,602,3147
ShipperPanjivaID,603,3148
ShipperPanjivaID,604,3149
ShipperPanjivaID,605,3150
ShipperPanjivaID,606,3151
ShipperPanjivaID,607,3152
ShipperPanjivaID,608,3153
ShipperPanjivaID,609,3154
ShipperPanjivaID,610,3155
ShipperPanjivaID,611,3156
ShipperPanjivaID,612,3157
ShipperPanjivaID,613,3158
ShipperPanjivaID,614,3159
ShipperPanjivaID,615,3160
ShipperPanjivaID,616,3161
ShipperPanjivaID,617,3162
ShipperPanjivaID,618,3163
ShipperPanjivaID,619,3164
ShipperPanjivaID,620,3165
ShipperPanjivaID,621,3166
ShipperPanjivaID,622,3167
ShipperPanjivaID,623,3168
ShipperPanjivaID,624,3169
ShipperPanjivaID,625,3170
ShipperPanjivaID,626,3171
ShipperPanjivaID,627,3172
ShipperPanjivaID,628,3173
ShipperPanjivaID,629,3174
ShipperPanjivaID,630,3175
ShipperPanjivaID,631,3176
ShipperPanjivaID,632,3177
ShipperPanjivaID,633,3178
ShipperPanjivaID,634,3179
ShipperPanjivaID,635,3180
ShipperPanjivaID,636,3181
ShipperPanjivaID,637,3182
ShipperPanjivaID,638,3183
ShipperPanjivaID,639,3184
ShipperPanjivaID,640,3185
ShipperPanjivaID,641,3186
ShipperPanjivaID,642,3187
ShipperPanjivaID,643,3188
ShipperPanjivaID,644,3189
ShipperPanjivaID,645,3190
ShipperPanjivaID,646,3191
ShipperPanjivaID,647,3192
ShipperPanjivaID,648,3193
ShipperPanjivaID,649,3194
ShipperPanjivaID,650,3195
ShipperPanjivaID,651,3196
ShipperPanjivaID,652,3197
